id,symbol,name,current_price,market_cap,market_cap_rank,fully_diluted_valuation,total_volume,high_24h,low_24h,price_change_24h,price_change_percentage_24h,market_cap_change_24h,market_cap_change_percentage_24h,circulating_supply,total_supply,max_supply
immutable-x,imx,Immutable,2.177597111731479,3178446969.0,38.0,4363555324.0,49734855.0,2.43,2.18,-0.16615635284099,-7.08933,-241039062.24298668,-7.04899,1456815249.3898141,2000000000.0,2000000000.0
floki,floki,FLOKI,0.000183620493478,1791909233.0,61.0,1845186433.0,294261944.0,0.00020426,0.00018042,-1.3253937617461001e-05,-6.73218,-116915063.25587153,-6.12498,9711263864756.0,10000000000000.0,10000000000000.0
gala,gala,GALA,0.046155642669070004,1615799202.0,67.0,1615799622.0,177182244.0,0.052059,0.0463531,-0.004869041792035,-9.54252,-165560906.09139705,-9.29407,34872639113.2689,34872648188.0458,50000000000.0
beam-2,beam,Beam,0.026762352207443003,1424825026.0,72.0,1678502903.0,41599914.0,0.0304662,0.02678162,-0.003148973174321,-10.5277,-164814534.64282703,-10.36804,52998143387.8887,62434008330.7567,62434008330.7567
axie-infinity,axs,Axie Infinity,7.4218916007097935,1070006054.0,89.0,2011011114.0,103018013.0,8.38,7.4,-0.31238478804274805,-4.03897,-39676660.44075334,-3.5755,143659889.606527,270000000.0,270000000.0
the-sandbox,sand,The Sandbox,0.459108359893923,1036155438.0,94.0,1376809300.0,110938684.0,0.5057969999999999,0.458595,-0.029281115723720004,-5.99544,-62923055.26290858,-5.7250700000000005,2257731926.2233224,3000000000.0,3000000000.0
ronin,ron,Ronin,3.206522744769539,1012964350.0,95.0,3206853788.0,20234544.0,3.49,3.2,-0.18000711053617602,-5.31539,-56514221.949047565,-5.28428,315874815.809958,1000000000.0,1000000000.0
apecoin,ape,ApeCoin,1.222805078280256,772050683.0,117.0,1229691586.0,68616530.0,1.3599999999999999,1.23,-0.097121561781719,-7.3581,-57377594.85284674,-6.91773,627840909.0,1000000000.0,1000000000.0
echelon-prime,prime,Echelon Prime,18.218525305702045,684786762.0,127.0,2028364913.0,15958268.0,20.44,17.64,-0.5393817483429401,-2.87549,-19032914.746853948,-2.70423,37511700.8947,111111111.0,111111111.0
illuvium,ilv,Illuvium,97.77019941064661,626615697.0,135.0,941266230.0,10709283.0,106.72,97.29,-6.970736077472694,-6.65522,-43865714.732464194,-6.54242,6393807.0933787,9604411.00983229,
skale,skl,SKALE,0.094258246594264,488434771.0,166.0,499380315.0,33827909.0,0.10371799999999999,0.09397599999999999,-0.006640847113356001,-6.58167,-34587185.218476,-6.61295,5179144337.0,5295205996.94293,7000000000.0
enjincoin,enj,Enjin Coin,0.32972598428105704,477475808.0,169.0,596355038.0,27220134.0,0.35890099999999997,0.327687,-0.019860722132999,-5.6812000000000005,-26375151.302294493,-5.23471,1441461535.05588,1800348486.83708,
stepn,gmt,GMT,0.24047477811800702,465655543.0,172.0,1293211270.0,54642995.0,0.267988,0.241024,-0.020102413400683,-7.71457,-37851546.7628451,-7.51758,1933238284.70298,5368959044.48673,6000000000.0
pixels,pixel,Pixels,0.43297490296977004,333754815.0,219.0,2164311147.0,65744402.0,0.521124,0.435089,-0.052932078707727,-10.89346,-40207768.77085763,-10.75182,771041667.0,5000000000.0,5000000000.0
guildfi,gf,GuildFi,0.38297588744148203,292456878.0,233.0,385153040.0,3106389.0,0.43988000000000005,0.37859499999999996,-0.013947006788682001,-3.51378,60887280.0,26.2933,759326417.400167,1000000000.0,1000000000.0
yield-guild-games,ygg,Yield Guild Games,0.9171013765207541,287241839.0,235.0,917201124.0,194077908.0,1.048,0.9194289999999999,-0.038721018704948006,-4.05107,-12223586.064961553,-4.0818,313172139.8780632,1000000000.0,1000000000.0
chromaway,chr,Chromia,0.307407287434659,251096574.0,257.0,251096574.0,12889130.0,0.341929,0.30736199999999997,-0.024653397189600003,-7.42436,-18650920.882653296,-6.91421,812434439.326204,812434439.326204,978064789.0
wilder-world,wild,Wilder World,0.8940214331709021,249551341.0,258.0,447054256.0,1217301.0,0.917817,0.8671949999999999,-0.003388577702861,-0.3776,-970597.5165825784,-0.38743000000000005,279106325.59565735,500000000.0,500000000.0
wax,waxp,WAX,0.06998649194614201,240496025.0,267.0,263818265.0,6855134.0,0.077447,0.07009499999999999,-0.005164692448850001,-6.8724,-17895358.609464347,-6.92568,3436998434.33715,3770303327.0,3770303327.0
xai-blockchain,xai,Xai,0.7373139210374281,203985452.0,296.0,724676443.0,30520351.0,0.861211,0.7369359999999999,-0.05445776409887101,-6.87796,-15595808.340737611,-7.10252,277118150.0,984486851.0,2500000000.0
magic,magic,Magic,0.797904367980072,203412064.0,297.0,271051384.0,32620681.0,0.8971500000000001,0.800124,-0.072124711192318,-8.28992,-18202851.915546536,-8.21373,254888918.815934,339645510.317976,347714007.0
smooth-love-potion,slp,Smooth Love Potion,0.004139612264185,171441762.0,327.0,,16240529.0,0.00464671,0.0041377,-0.00032192686201400005,-7.2156,-13597193.301063508,-7.34829,41369158816.0,,
big-time,bigtime,Big Time,0.194759698401817,162822568.0,344.0,978585168.0,34527104.0,0.219071,0.195382,-0.019336172763274,-9.03155,-14859728.445732534,-8.36309,831928450.40585,5000000000.0,5000000000.0
portal-2,portal,Portal,0.922646562973863,154519475.0,359.0,924521083.0,41039505.0,1.11,0.9231079999999999,-0.12383224297884302,-11.83323,-20504345.868886918,-11.71517,167134615.0,1000000000.0,1000000000.0
crown-by-third-time-games,crown,Crown by Third Time Games,0.954391404053838,152706790.0,361.0,238891489.0,624121.0,1.13,0.955545,-0.15171676763529202,-13.71627,-24183367.830568403,-13.6714,159807692.43,250000000.0,250000000.0
bluzelle,blz,Bluzelle,0.35248048081376204,151209435.0,363.0,176614807.0,9031991.0,0.377469,0.35236599999999996,-0.021368333947698003,-5.71577,-8739051.469920993,-5.4636700000000005,428076890.7280512,500000000.0,
hooked-protocol,hook,Hooked Protocol,0.9278763413027901,135112803.0,391.0,465906216.0,6783110.0,1.029,0.924441,-0.064885448471191,-6.53585,-9074579.176707,-6.2936,145000000.0,500000000.0,500000000.0
heroes-of-mavia,mavia,Heroes of Mavia,4.360140907053856,130669547.0,400.0,1088912893.0,52600443.0,4.67,4.22,-0.274473442941556,-5.92225,-8128364.445474595,-5.85626,30000000.0,250000000.0,250000000.0
myria,myria,Myria,0.0070917933761580005,122810374.0,413.0,352311515.0,4852373.0,0.00759797,0.00665419,-0.00024869189659000005,-3.38795,-5296061.64525117,-4.13411,17429230818.0,50000000000.0,50000000000.0
oasys,oas,Oasys,0.065479886663452,121652054.0,415.0,654715271.0,772584.0,0.07065099999999999,0.065218,-0.0018781646570790002,-2.78833,-3426013.3211756647,-2.7391,1858090982.0,10000000000.0,10000000000.0
guild-of-guardians,gog,Guild of Guardians,0.207094309279706,118028341.0,425.0,207211222.0,789176.0,0.24368199999999998,0.205068,-0.010774256021398,-4.9453,-5994820.817816347,-4.83363,569604001.199,1000000000.0,1000000000.0
my-neighbor-alice,alice,My Neighbor Alice,1.263564990448128,113092516.0,436.0,126832727.0,18714045.0,1.4100000000000001,1.27,-0.108261754597488,-7.8918,-9389991.655975536,-7.66639,89166667.0,100000000.0,100000000.0
nakamoto-games,naka,Nakamoto Games,1.728566649384462,112602369.0,437.0,311897389.0,22699043.0,1.88,1.73,-0.08384772360225701,-4.6263000000000005,-4847621.427605256,-4.12739,64984277.5,180000000.0,180000000.0
vulcan-forged,pyr,Vulcan Forged,4.605276042612397,110104451.0,454.0,230366210.0,6368502.0,5.12,4.6,-0.41116643368954103,-8.19637,-9775459.744194597,-8.15438,23897700.0,50000000.0,50000000.0
marblex,mbx,Marblex,0.828184582849883,98060008.0,482.0,267360464.0,1809336.0,0.861065,0.809758,-0.024600563989096002,-2.8847300000000002,-3001110.906317711,-2.9696,118398791.865466,322814127.0,1000000000.0
mobox,mbox,Mobox,0.346910495383825,96490437.0,488.0,164898529.0,13650014.0,0.385303,0.34661000000000003,-0.033270809531044006,-8.7513,-9332830.022656932,-8.81926,278104971.0,475270938.808789,1000000000.0
aavegotchi,ghst,Aavegotchi,1.8201677305645192,93384691.0,496.0,96288176.0,6643584.0,2.03,1.82,-0.11699930470171901,-6.03971,-5845044.011677265,-5.89042,51157239.2140685,52747802.714256,52747802.714256
sidus,sidus,Sidus,0.008549072838015,91735380.0,500.0,182615173.0,840923.0,0.00926421,0.00850502,-0.0004956253785760001,-5.47973,-5167328.674244463,-5.33249,10726868396.922684,21353690696.8972,30000000000.0
mines-of-dalarnia,dar,Mines of Dalarnia,0.16021090436569502,89555107.0,506.0,128565425.0,17090941.0,0.178541,0.16006499999999999,-0.014021224219744001,-8.04744,-7704585.247840017,-7.92166,557257796.888503,800000000.0,800000000.0
xpla,xpla,XPLA,0.16573326203049302,88743740.0,509.0,331435449.0,129069.0,0.177874,0.165771,-0.010484512786056001,-5.94975,-5691668.561490521,-6.02705,535492469.079939,1999929089.7932,2000000000.0
radio-caca,raca,Radio Caca,0.00024669051167800003,87260735.0,511.0,103989470.0,11481294.0,0.00026822,0.00024636,-2.0355898543649002e-05,-7.62261,-7030221.960711181,-7.4558800000000005,353444937014.302,421203787004.302,500000000000.0
gamercoin,ghx,GamerCoin,0.139947906798709,87226455.0,512.0,113152666.0,2267907.0,0.15701099999999998,0.136983,-0.013520599090996002,-8.81002,-10118001.342707902,-10.39402,622866240.01,808000000.0,880000000.0
star-atlas,atlas,Star Atlas,0.004957491181216,77966401.0,544.0,178600428.0,2302050.0,0.00524888,0.0048687800000000005,-0.00024462666697,-4.70244,-3747235.5654044,-4.58581,15715474259.6106,36000000000.0,36000000000.0
shrapnel-2,shrap,Shrapnel,0.16908794312279102,73785627.0,559.0,506952624.0,2091936.0,0.191681,0.16863799999999998,-0.021905203781716003,-11.4691,-9754592.888266936,-11.67652,436642143.306,3000000000.0,3000000000.0
sweatcoin,sweat,Sweat Economy,0.009226526541579001,73116238.0,566.0,200344067.0,7230377.0,0.010010980000000001,0.009049699999999999,-0.00042802243002700003,-4.43338,-3567993.5452703536,-4.65284,7923919713.48,21712144110.139,
moon-tropica,cah,Moon Tropica,26.479714587918874,71800730.0,573.0,92723387.0,251499.0,28.81,26.26,-1.424729742831139,-5.10574,-3892410.0041585416,-5.14236,2710239.16045871,3500000.0,3500000.0
alien-worlds,tlm,Alien Worlds,0.01666862650983,69008369.0,586.0,106142824.0,15454539.0,0.01913575,0.01670754,-0.001157767240062,-6.49468,-4626505.285483643,-6.28304,4121760721.0652,6339742984.7108,10000000000.0
star-atlas-dao,polis,Star Atlas DAO,0.272685451446992,67886545.0,592.0,98232268.0,584380.0,0.29880599999999996,0.26453000000000004,-0.018628184730423002,-6.39455,-4670746.32703799,-6.43732,248789492.1391,360000000.0,360000000.0
gods-unchained,gods,Gods Unchained,0.22749250958592102,65079229.0,600.0,114007408.0,788606.0,0.25235799999999997,0.228379,-0.018625225440243,-7.56761,-5187436.929653294,-7.3825,285416667.0649,500000000.0,500000000.0
ultra,uos,Ultra,0.171399445857834,64543252.0,601.0,172533683.0,1730454.0,0.182964,0.170371,-0.004126654105763,-2.35102,-1139168.317901373,-1.7343600000000001,374090733.949,1000000000.0,1000000000.0
merit-circle,mc,Merit Circle,2.690912547539827,62965190.0,610.0,62965190.0,158551.0,3.06,2.69,-0.332002085714227,-10.982850000000001,-7910977.234546199,-11.16169,23358649.4286796,23358649.4286796,23358649.4286796
cornucopias,copi,Cornucopias,0.06450077511890001,56175270.0,648.0,247923409.0,554235.0,0.066691,0.062231999999999996,-0.001798542000084,-2.7127600000000003,-1449062.5291083902,-2.51467,870079348.0,3840000000.0,3840000000.0
punk-2,punk,PunkCity,2.816764899300294,53903283.0,667.0,140721681.0,44783.0,3.12,2.79,-0.070578947655463,-2.44442,-1360247.3153198212,-2.46138,19136592.9599754,49958617.9599754,49999990.0
cocos-bcx,combo,COMBO,0.7148081339297331,50902220.0,684.0,71641052.0,5348070.0,0.7840579999999999,0.713248,-0.046832860839057,-6.14894,-3247207.081462741,-5.9967500000000005,71051748.0,100000000.0,100000000.0
dream-machine-token,dmt,Dream Machine Token,77.98096694547701,46909772.0,721.0,77992787.0,1784925.0,93.53,77.18,-12.274911873420336,-13.60012,-7419207.282039255,-13.65608,601462.950092221,1000000.0,1000000.0
deapcoin,dep,DEAPCOIN,0.0019522311053820002,46090183.0,724.0,58575264.0,1317791.0,0.00199828,0.0019136700000000001,-3.856532795967201e-05,-1.9371800000000001,-900457.0744749084,-1.9162500000000002,23605621511.0,30000000000.0,30000000000.0
games-for-a-living,gfal,Games for a Living,0.028911893237933,45642610.0,734.0,289316530.0,1550144.0,0.03063664,0.028055550000000002,-0.0011306277716090002,-3.76343,-1666407.4438162893,-3.52239,1577601167.8273811,10000000000.0,10000000000.0
voxies,voxel,Voxies,0.25351623241779003,44377932.0,743.0,76058778.0,5813564.0,0.286284,0.25410099999999997,-0.017404187840555002,-6.4241,-3058892.808815524,-6.44835,175040671.136504,300000000.0,300000000.0
katana-inu,kata,Katana Inu,0.001568555019659,42374975.0,767.0,77839687.0,607677.0,0.00166105,0.00153265,2.6980000000000003e-05,1.75012,206050.0,0.48863000000000006,27219389349.59545,50000000000.0,50000000000.0
green-satoshi-token,gst-sol,STEPN Green Satoshi Token on Solana,0.035171228619162005,40498027.0,782.0,40851055.0,1251409.0,0.03806917,0.03482534,-0.0019458890094950002,-5.24256,-2115636.5395271108,-4.96469,1147161857.0,1157161857.0,
gamium,gmm,Gamium,0.000887198074671,40397713.0,783.0,41228251.0,510780.0,0.00096147,0.0008831700000000001,-7.3976147088387e-05,-7.69643,-3254918.7881679013,-7.45641,45500876851.5919,46436330232.8897,
cere-network,cere,Cere Network,0.005780280363017001,38163394.0,809.0,57814746.0,957727.0,0.00624188,0.00578428,-0.00041501677819400006,-6.6989,-2682492.63028349,-6.56735,6600979225.769589,10000000000.0,
altura,alu,Altura,0.050350894038635005,36264070.0,832.0,49880068.0,7318613.0,0.05215,0.04998419,-0.001117856859246,-2.17191,-807186.0013902858,-2.17739,719755021.0,990000000.0,990000000.0
derace,derc,DeRace,0.29317122907562204,35108038.0,846.0,35108038.0,1043859.0,0.310115,0.269968,0.01997919,7.31324,2366747.0,7.22863,120000000.0,120000000.0,120000000.0
metahero,hero,Metahero,0.004435796365916,35026276.0,847.0,43486500.0,1251846.0,0.00456703,0.00440846,-6.7395859265959e-05,-1.49662,-344846.15252895653,-0.97494,7866213223.2,9766213274.19587,10000000000.0
carbify,cby,Carbify,3.41712657397533,33669852.0,863.0,171084378.0,78173.0,3.55,3.4,-0.08266173279118001,-2.36191,-768948.4789918289,-2.2328,9840130.518449128,50000000.0,50000000.0
the-virtua-kolect,tvk,Virtua,0.18543392455687502,33024643.0,872.0,222715905.0,247951.0,0.19985000000000003,0.178458,-0.005318937133024001,-2.78839,-916122.1410137303,-2.69918,177937771.80965117,1200000000.0,1200000000.0
drunk-robots,metal,Badmad Robots,0.04525861329336801,32541984.0,879.0,124413291.0,276733.0,0.050554999999999996,0.04449097,-0.004795269800335,-9.58022,-3529139.0148084424,-9.78383,719299800.6825,2750000000.0,2750000000.0
qopro,qorpo,QORPO WORLD,0.733457540169505,32379434.0,884.0,550615031.0,1150651.0,0.7829689999999999,0.7334579999999999,-0.04904090500114,-6.26722,-2129133.480606243,-6.16987,44104454.333334,750000000.0,750000000.0
breederdao,breed,BreederDAO,0.05401117208585501,31852962.0,889.0,54060610.0,327875.0,0.056318,0.053041,-0.001234455273817,-2.23449,-741149.0930650793,-2.27387,589208333.0,1000000000.0,1000000000.0
sipher,sipher,SIPHER,0.33070735544678104,31788479.0,890.0,37915968.0,136847.0,0.36138000000000003,0.307444,0.02088149,6.73975,2067083.0,6.95487,95862609.76212358,114340911.0,1000000000.0
passage,pasg,Passage,0.040162121256881005,31290171.0,897.0,49892670.0,16937.68,0.04341587,0.0391624,-0.0032537508498250004,-7.49438,-2618913.2927579954,-7.72334,778572761.524955,1241446502.68858,1500000000.0
league-of-kingdoms,loka,League of Kingdoms,0.263121563723456,30385245.0,911.0,54282883.0,3904399.0,0.29029299999999997,0.26421,-0.020276718713563003,-7.15485,-2203210.044687707,-6.76071,114916312.146545,205296640.782909,
aurory,aury,Aurory,0.539809689488167,29698436.0,918.0,54008309.0,365537.0,0.591611,0.520289,-0.04876298583152,-8.28496,-2747878.2523892373,-8.469,54988643.2,100000000.0,100000000.0
hytopia,topia,HYCHAIN,0.034151397321145,29491566.0,927.0,169228179.0,488605.0,0.03990071,0.03305411,-0.005145888366131,-13.09477,-4957770.330303717,-14.39148,871355050.6127907,5000000000.0,
sappy-seals-pixl,pixl,PIXL,0.056132636114784,28635296.0,946.0,28635296.0,52371.0,0.064271,0.057270999999999996,-0.006983404108765001,-11.06439,-2922724.1447296403,-9.26143,500000000.0,500000000.0,500000000.0
xana,xeta,XANA,0.012073325050840002,28045155.0,954.0,59548898.0,2632445.0,0.01306204,0.011331570000000001,-0.000932055640169,-7.16669,-2285222.5290539525,-7.53443,2321833333.0,4930000000.0,5000000000.0
raini-studios-token,rst,Raini Studios Token,0.049544198317343004,28009911.0,955.0,45572108.0,339713.0,0.056116,0.04593451,-0.005617228653973,-10.18325,-3229654.399862606,-10.33835,565016562.0,919281602.0,919281602.0
volt-inu-2,volt,Volt Inu,4.411086787557969e-07,27444822.0,965.0,30414351.0,9978118.0,4.60048e-07,4.3649e-07,-7.123829294000001e-09,-1.58932,-413241.8278651796,-1.48338,62263131613878.4,69000000000000.0,69000000000000.0
altered-state-token,asto,Altered State Machine,0.033682722642396,26592081.0,977.0,80922658.0,5470665.0,0.03532789,0.03342462,-0.0014802677156440002,-4.20973,-990578.418960087,-3.59131,783408782.1376687,2384000000.0,2384000000.0
wagmi-game-2,wagmigames,WAGMI Games,1.3178349225656102e-05,25653108.0,994.0,28995432.0,5637120.0,1.3380000000000002e-05,1.286e-05,-1.73743628553e-07,-1.30125,-152843.87488576397,-0.59228,1946404449457.449,2200000000000.0,2200000000000.0
taki,taki,Taki Games,0.021019599905384,24587207.0,1012.0,62997346.0,278040.0,0.02213865,0.02094552,-0.00029352246570000005,-1.3771900000000001,-346506.16080333665,-1.38971,1170868697.16643,3000000000.0,
starlink,starl,StarLink,2.4240242710103377e-06,24176921.0,1017.0,24227463.0,2065796.0,2.74e-06,2.4199999999999997e-06,-2.70667023916e-07,-10.04445,-2733757.8124465197,-10.15864,9979138452609.14,10000000000000.0,
decentral-games,dg,Decentral Games,0.031966436134482,24111499.0,1019.0,24111499.0,698.89,0.0333291,0.03104238,-0.00018421064192500003,-0.57296,-147449.69463173673,-0.60782,753736536.425704,753736536.425704,1000000000.0
ufo-gaming,ufo,UFO Gaming,9.318219473077127e-07,24055612.0,1021.0,24055612.0,512366.0,9.80062e-07,9.263989999999999e-07,-4.1866124718000004e-08,-4.29975,-1042492.6204698496,-4.15367,25757575757575.0,25757575757575.0,25757575757575.0
playa3ull-games-2,3ull,PLAYA3ULL GAMES,0.002425620647601,23060165.0,1037.0,23369209.0,682377.0,0.0027044,0.0023401900000000002,-0.00023394262603700002,-8.79628,-2247212.5135074444,-8.87967,9501412233.13304,9628746675.29984,50000000000.0
hello-labs,hello,HELLO,0.041925607599220004,22307688.0,1062.0,41986587.0,1199229.0,0.043376120000000004,0.041902499999999995,-0.000947320552438,-2.2096,-491449.28865297884,-2.15556,531305095.33808607,1000000000.0,1000000000.0
metacade,mcade,Metacade,0.012487103566921,21928627.0,1072.0,24973597.0,674863.0,0.013751,0.01222788,-0.00023105609612700001,-1.81674,-291034.61844265833,-1.3098100000000001,1756144842.0865574,2000000000.0,2000000000.0
affyn,fyn,Affyn,0.056683059256523005,19931974.0,1115.0,56731774.0,463124.0,0.060195,0.056297,-0.0030324069909970002,-5.07809,-1034178.8675854169,-4.93261,351337053.0,1000000000.0,1000000000.0
honeyland-honey,hxd,Honeyland,0.084420628621359,19697733.0,1123.0,84316056.0,129626.0,0.088748,0.083995,-0.0031247858467850003,-3.56933,-759394.1301958002,-3.71213,233617814.259379,1000000000.0,1000000000.0
step-app-fitfi,fitfi,Step App,0.007398942634521,18721309.0,1144.0,34038743.0,4681037.0,0.00815337,0.00734985,-0.000491329530172,-6.22703,-1249095.9054444134,-6.25474,2530000000.0,4600000000.0,4600000000.0
gameswift,gswift,GameSwift,0.33095009431729605,18594786.0,1149.0,462586169.0,534156.0,0.34141000000000005,0.327613,-0.007034120964106,-2.0812,-371981.1653588563,-1.96123,56135745.0,1396500000.0,1396500000.0
nft-worlds,wrld,NFT Worlds,0.033311554657228,18302418.0,1153.0,166708861.0,36822.0,0.03874989,0.03255804,-0.0043682417158950005,-11.59306,-2375293.6482774653,-11.48722,548933562.0,5000000000.0,5000000000.0
lords,lords,LORDS,0.14309064363405602,18112541.0,1159.0,71834118.0,160291.0,0.148484,0.139365,-0.0037062845360610005,-2.52477,-405537.239714168,-2.18995,126071995.06101482,500000000.0,500000000.0
phantasma,soul,Phantasma,0.13991392215241702,17455271.0,1172.0,17455271.0,161207.0,0.158782,0.140459,-0.011344573885829,-7.50012,-1338259.1758308262,-7.12085,124129197.661631,124129197.661631,
kompete,kompete,KOMPETE,0.025304433848452,17152195.0,1182.0,21576041.0,39721.0,0.026355550000000002,0.02462327,-0.0006732696396420001,-2.59172,-412304.63123754784,-2.34737,676137487.0,850524987.0,1000000000.0
defi-kingdoms,jewel,DeFi Kingdoms,0.147760292360985,16867151.0,1197.0,17961241.0,9972.33,0.167649,0.147161,-0.014350247189043002,-8.85214,-1639452.62096693,-8.858740000000001,114069662.731648,121468808.177115,125000000.0
king-of-legends-2,kol,King of Legends,0.055642588865128004,16225456.0,1210.0,31792818.0,1907496.0,0.056332999999999994,0.053824,-3.8666757271405006e-05,-0.06944,-12266.265950331464,-0.07554000000000001,291836703.62,571836703.62,1000000000.0
burger-swap,burger,BurgerCities,0.482237240414479,16137584.0,1219.0,26067976.0,3429979.0,0.542616,0.482714,-0.049833930778167,-9.36603,-1571789.046142988,-8.87546,33259000.0,53725194.1761118,61000000.0
spartadex,sparta,SpartaDEX,0.48033620698515705,15596259.0,1234.0,48124869.0,62483.0,0.49684399999999995,0.47401499999999996,0.00321528,0.6738900000000001,264227.0,1.72336,32407900.0,100000000.0,100000000.0
kapital-dao,kap,KAP Games,0.118756477401131,15110529.0,1248.0,118860504.0,344716.0,0.128572,0.116196,-0.0025444963322040002,-2.09767,-308069.19655218907,-1.99804,127128262.0,1000000000.0,1000000000.0
octo-gaming,otk,Octokn,0.050667720562023004,14951367.0,1256.0,60822303.0,167366.0,0.053682,0.04904511,-0.001024450985799,-1.98183,-296462.49146547355,-1.94429,294973716.70495737,1199955845.4,1200000000.0
catecoin,cate,CateCoin,4.014506205150341e-07,13814713.0,1287.0,40184014.0,167824.0,4.091249999999999e-07,3.98213e-07,-5.265264253e-09,-1.29458,-189949.83805856295,-1.35633,34378628154281.39,100000000000000.0,100000000000000.0
domi,domi,Domi,0.039145183927645,13804479.0,1289.0,39426680.0,306821.0,0.045129880000000004,0.03937384,-0.005509664047629001,-12.33833,-1811967.0089169685,-11.60294,350130400.0,1000000000.0,1000000000.0
gamee,gmee,GAMEE,0.020050256758896,13443342.0,1301.0,63805557.0,821877.0,0.02133104,0.01951603,0.00031401,1.59104,221959.0,1.67879,670001655.3319011,3180000000.0,3180000000.0
defi-land,dfl,DeFi Land,0.001731329359433,12374213.0,1327.0,17337378.0,68864.0,0.00180763,0.00149767,0.00022425,14.88008,1621958.0,15.08481,7137303616.0,10000000000.0,10000000000.0
artyfact,arty,Artyfact,0.9256763385701011,12077046.0,1341.0,23069012.0,1685200.0,1.027,0.9171779999999999,-0.08403462919486901,-8.32264,-1247808.5175632555,-9.36452,13066289.0,24958618.9996,25000000.0
crypto-gladiator-shards,cgl,Crypto Gladiator League,0.005264384257839001,11663196.0,1366.0,16340252.0,710178.0,0.00548294,0.00525703,-9.7920877156406e-05,-1.8261,-239963.9118343927,-2.01597,2212689621.0,3100000000.0,
genopets,gene,Genopets,0.24883762861257602,11221849.0,1383.0,24900981.0,31000.0,0.258874,0.247079,-0.009184212381972002,-3.55947,-385068.6307415683,-3.31758,45065891.0,100000000.0,100000000.0
ix-token,ixt,Planet IX,0.10028651190063301,11129059.0,1385.0,15374107.0,136599.0,0.10521799999999999,0.099593,-0.004250193208757001,-4.06574,-404252.07151144,-3.50508,110941064.488028,153258226.0,
dotmoovs,moov,dotmoovs,0.011229707748030001,11089947.0,1386.0,11089947.0,1872639.0,0.01241794,0.00886876,-0.000546934219461,-4.64423,-686972.7050134,-5.83321,1000000000.0,1000000000.0,1000000000.0
everdome,dome,Everdome,0.00040472124354300003,10920181.0,1392.0,40467374.0,492304.0,0.00042983,0.00040333000000000003,-2.0938343583958002e-05,-4.91903,-563205.234404685,-4.90452,26985148315.0,100000000000.0,100000000000.0
rainbow-token-2,rbw,Rainbow Token,0.044481003504725,10919797.0,1393.0,44508395.0,184507.0,0.04833641,0.0444042,-0.003227748808223,-6.76553,-776326.5616854709,-6.63747,245342419.48358864,1000000000.0,1000000000.0
senate,senate,SENATE,0.09862506172110701,10811638.0,1397.0,18886461.0,58479.0,0.103017,0.097035,-0.001773166497201,-1.76613,-83714.2463645041,-0.7683500000000001,109822391.67373,191844790.888217,300000000.0
rebel-bots,rbls,Rebel Bots,0.036196000357891,10423456.0,1418.0,10423456.0,58761.0,0.03833708,0.03614878,-0.0014408520484380002,-3.8283,-417482.34405953065,-3.85098,287943090.0,287943090.0,300000000.0
revv,revv,REVV,0.012505874978900001,10209598.0,1429.0,37436510.0,1097225.0,0.01346034,0.012400099999999999,-0.000619672026837,-4.72111,-526326.3694835585,-4.90248,818152991.46068,3000000000.0,3000000000.0
reboot,gg,Reboot,0.060485487531965004,9955839.0,1441.0,60504102.0,488239.0,0.068231,0.057454,-0.006707392717626001,-9.9823,-1140569.894318536,-10.27873,164548165.0,1000000000.0,1000000000.0
veloce-vext,vext,Veloce,0.081302030573129,9713133.0,1452.0,12385639.0,2031038.0,0.084918,0.069656,0.00980869,13.71972,1328833.0,15.84906,119483574.32,152358706.0,300000000.0
dose-token,dose,DOSE,0.006357861297674,9397454.0,1466.0,31777943.0,4626117.0,0.00698032,0.00606719,-7.649513061451201e-05,-1.18885,-7643.132881199941,-0.08127000000000001,1478612606.53212,5000000000.0,5000000000.0
decimated,dio,Decimated,0.021572010540232,8738968.0,1504.0,21589251.0,167888.0,0.02327379,0.021172840000000002,-0.0007413669798270001,-3.32252,-311848.6045711972,-3.44553,404783309.50645,1000000000.0,
ispolink,isp,Ispolink,0.002802481267325,8430223.0,1525.0,28024591.0,900133.0,0.00322059,0.00279971,-0.000414169404373,-12.8758,-1224880.6204007752,-12.686350000000001,3008152161.4522066,10000000000.0,
playzap,pzp,PlayZap,0.209973048572203,8287274.0,1530.0,31489658.0,708922.0,0.232505,0.20951399999999998,-0.021113291679534,-9.13654,-857747.5080137448,-9.37939,39466960.33710571,149965000.0,150000000.0
magiccraft,mcrt,MagicCraft,0.001983256270396,8251173.0,1531.0,12309764.0,433659.0,0.00204623,0.00196394,-4.2424871033978e-05,-2.09435,-166841.925661169,-1.98196,4155828832.49102,6200000000.0,10000000000.0
exosama-network,sama,Moonsama,0.014929154814118,8075047.0,1542.0,14947692.0,123704.0,0.01574876,0.01381137,0.00090008,6.41584,494778.0,6.52718,540220310.167948,1000000000.0,1000000000.0
bag,bag,Bag,0.0030515035143570002,8064378.0,1545.0,8064378.0,75682.0,0.00319561,0.00303382,-3.9480709506433004e-05,-1.27729,-100610.21139229648,-1.23222,2642635591.5711,2642635591.5711,8000000000.0
redfox-labs-2,rfox,RFOX,0.004211516006627,7869028.0,1554.0,8321681.0,206373.0,0.0045315500000000005,0.0040262200000000005,-0.000285794007307,-6.35478,-585293.152905074,-6.92301,1880656337.827613,1988838078.0,1988838078.0
monkeyball,mbs,UNKJD,0.017893203255703,7802403.0,1555.0,17883166.0,77134.0,0.01876868,0.01746558,0.00033151000000000003,1.8877100000000002,128279.0,1.67158,436298718.0,1000000000.0,1000000000.0
reality-metaverse,rmv,Reality Metaverse,0.025920431366124003,7731687.0,1563.0,25924873.0,1550722.0,0.02991587,0.02582932,-0.003343377985929,-11.42496,-991180.9366288017,-11.36302,298234324.8229408,1000000000.0,1000000000.0
gensokishis-metaverse,mv,GensoKishi Metaverse,0.032409366457333,7648513.0,1567.0,13078461.0,2085834.0,0.03271819,0.03079739,0.0014027999999999998,4.52421,434376.0,6.02118,233926992.957408,400000000.0,2000000000.0
netvrk,netvr,Netvrk,0.115701811617908,7644250.0,1568.0,11615830.0,50401.0,0.12888000000000002,0.11602799999999999,-0.01116380228927,-8.79971,-623068.9984704787,-7.53653,65808896.89426,100000000.0,100000000.0
iq-protocol,iqt,IQ Protocol,0.163181629798131,7514307.0,1576.0,163134843.0,357618.0,0.16432000000000002,0.157499,0.00415034,2.60976,190985.0,2.60791,46061937.0,1000000000.0,1000000000.0
polka-city,polc,Polkacity,0.017792698252746,7323942.0,1590.0,12105816.0,1980632.0,0.01905259,0.017638110000000002,-2.8674537123359e-05,-0.16090000000000002,-45153.51106610615,-0.6127400000000001,411395718.9925,680000000.0,750000000.0
warped-games,warped,Warped Games,0.0013696911252970001,7301665.0,1591.0,13696911.0,2309.98,0.00143726,0.00135831,-4.6070615889508004e-05,-3.25412,-245597.11298424657,-3.25412,5330884083.973744,10000000000.0,10000000000.0
wombat,wombat,Wombat,0.002136511153279,7217815.0,1598.0,22522919.0,356387.0,0.00270173,0.0022256900000000002,-0.000326954340719,-13.27213,-679807.5759166973,-8.60775,3204653544.741961,10000000000.0,10000000000.0
dypius,dyp,Dypius,0.073661509623397,7206165.0,1599.0,17015646.0,507470.0,0.074005,0.067719,0.0006499300000000001,0.8901700000000001,111052.0,1.56519,97374551.0,229926862.0,229926862.0
mars4,mars4,MARS4,0.0017601332588850001,7137051.0,1605.0,7137051.0,273864.0,0.00182806,0.00171704,-2.1430874101957e-05,-1.20292,17997.88,0.25281000000000003,4000000000.0,4000000000.0,4000000000.0
splinterlands,sps,Splintershards,0.014424294682042002,7067084.0,1613.0,18995535.0,78713.0,0.01514603,0.01425264,-0.000435326065259,-2.92959,-223891.57087773643,-3.0708,489718725.3536008,1316309296.58593,3000000000.0
chain-games,chain,Chain Games,0.020586036308322002,6888184.0,1632.0,10167934.0,60447.0,0.025228030000000002,0.02054566,-0.002429874150795,-10.55737,-803916.9549992168,-10.4512,334317524.57825387,493499998.3071,500000000.0
kryptomon,kmon,Kryptomon,0.008862651523102,6741865.0,1642.0,8883954.0,224138.0,0.010278260000000001,0.008865999999999999,-0.001155826435027,-11.536950000000001,-860895.7088111797,-11.32346,758881131.0,1000000000.0,1000000000.0
gameswap-org,gswap,Gameswap,0.74850046187272,6557272.0,1664.0,14970009.0,48808.0,0.772366,0.7368319999999999,0.00770881,1.04062,60444.0,0.93037,8760545.457221467,20000000.0,20000000.0
sin-city,sin,Sinverse,0.010023768290340001,6419928.0,1672.0,10031916.0,1112715.0,0.01094357,0.00875547,0.0012683,14.48577,818523.0,14.61283,639950292.13,1000000000.0,1000000000.0
mixmob,mxm,MixMob,0.047156713690306,6389760.0,1677.0,47222057.0,78632.0,0.049962360000000004,0.046973499999999994,-0.002140279952598,-4.3416,-281679.2385369865,-4.22217,135313035.299995,1000000000.0,1000000000.0
outer-ring,gq,Blink Galaxy,0.001016556561526,6328443.0,1684.0,6618046.0,2061546.0,0.00105875,0.00101615,-3.3301173523585005e-05,-3.17197,-199808.35756751057,-3.06067,6225585674.638467,6510482138.7776,10000000000.0
dogami,doga,Dogami,0.012259721480125002,6282299.0,1686.0,12266120.0,65107.0,0.012807830000000001,0.01205492,-0.00054521833295,-4.25788,-274241.81655491516,-4.18272,512166788.25173,1000000000.0,1000000000.0
dope-wars-paper,paper,Dope Wars Paper,0.006469079315762001,5885619.0,1713.0,9164194.0,14606.71,0.00650347,0.00602347,8.799e-05,1.37894,26667.0,0.45515000000000005,907727032.945,1413375000.0,1500000000.0
dehub,dhb,DeHub,0.0017027498637830001,5591419.0,1735.0,13621999.0,4207.44,0.00187173,0.0016986999999999998,-0.000166563677291,-8.91042,-549020.1954578515,-8.94106,3283758507.86412,8000000000.0,
pegaxy-stone,pgx,Pegaxy,0.013078447798456001,5561618.0,1739.0,13091257.0,1941.6,0.01393602,0.01296037,-0.0008575726293870001,-6.15364,-212469.81330536865,-3.67971,424834515.143469,1000000000.0,1000000000.0
firestarter,flame,FireStarter,0.08113426500366201,5552802.0,1741.0,8105301.0,342264.0,0.09079799999999999,0.080923,-0.009579076175631,-10.55972,-640661.3013606947,-10.34415,68356238.86880295,99778075.0,100000000.0
bullieverse,bull,Bullieverse,0.0076462421041380004,5513887.0,1743.0,7653721.0,146227.0,0.00845806,0.00754025,-0.00048129643259400004,-5.9218,-344750.51174408104,-5.88448,720419044.507971,1000000000.0,
champignons-of-arborethia,champz,Champignons of Arborethia,0.005774924915306,5413054.0,1756.0,5792214.0,10998.1,0.00612586,0.00565353,-8.220621872583701e-05,-1.40352,-66123.05810625106,-1.20681,934539705.130893,1000000000.0,1000000000.0
cryowar-token,cwar,Cryowar,0.019204641599332002,5251254.0,1776.0,19206324.0,61053.0,0.02099133,0.01910982,-0.0015514123405050001,-7.47451,-424785.29113115463,-7.48383,273412773.85,1000000000.0,1000000000.0
morra,morra,Morra,0.0138256011671,5235723.0,1777.0,6912801.0,85617.0,0.01500768,0.01319567,-0.0007012249520070001,-4.8271,-265503.09942544345,-4.82625,378697704.1215315,500000000.0,500000000.0
wam,wam,Wam,0.007740996671075,5140978.0,1788.0,7729761.0,228079.0,0.00808678,0.0073367400000000004,0.00038099,5.17655,246521.0,5.03675,665088914.0,1000000000.0,1000000000.0
dark-frontiers,dark,Dark Frontiers,0.025282803696122003,4994204.0,1800.0,6330298.0,161224.0,0.02585787,0.025270340000000002,-0.000470731122118,-1.82783,-74193.55616373196,-1.46385,197174900.0,249924900.0,250000000.0
chain-guardians,cgg,Chain Guardians,0.039281806716101,4400297.0,1865.0,4718817.0,52783.0,0.04179473,0.03778811,-0.002372653439848,-5.69604,-255852.11777487956,-5.49493,111900000.0,120000000.0,120000000.0
crowns,cws,Seascape Crowns,0.6946598278197741,4019353.0,1911.0,5302305.0,642093.0,0.8126979999999999,0.676987,-0.018010905701472003,-2.52724,-112031.12901442172,-2.71171,5795851.0,7645850.0,10000000.0
chimaera,wchi,XAYA,0.068255641259306,3934916.0,1924.0,5280477.0,13405.21,0.06963799999999999,0.067823,-0.0008972288620390001,-1.29746,-44750.501071207225,-1.12448,57605492.9624409,77303932.0,
exeedme,xed,Exeedme,0.042761344369455,3847956.0,1933.0,4275507.0,60091.0,0.04455017,0.04228526,-0.000780458815513,-1.79244,-60343.316115742084,-1.54398,90000000.0,100000000.0,100000000.0
nftb,nftb,NFTb,0.011652507620457001,3629030.0,1960.0,8476264.0,655467.0,0.012305980000000001,0.01146791,0.0001846,1.60968,64193.0,1.8007300000000002,310948394.0475532,726277000.0,726277000.0
the-unfettered-souls,souls,The Unfettered Ecosystem,0.003986228654375,3301038.0,2014.0,8972796.0,114898.0,0.0041588300000000005,0.0036975800000000002,-0.00010548415492100001,-2.578,-96030.68309629476,-2.82687,827761480.0,2250000000.0,2250000000.0
rainicorn,$raini,Raini,0.006686536052779001,3262174.0,2020.0,3353646.0,155.14,0.00965354,0.00663721,-0.00044581146208200006,-6.25056,-208519.7927217451,-6.00801,486362378.0,500000000.0,500000000.0
good-games-guild,ggg,Good Games Guild,0.07917436429584901,3165429.0,2043.0,7913573.0,424296.0,0.09975,0.07888,-0.019584719139952002,-19.8308,-789541.5705287103,-19.96327,40000000.0,100000000.0,100000000.0
revomon-2,revo,Revomon,0.09359271479849601,3102372.0,2052.0,4308538.0,32238.0,0.09493299999999999,0.08993000000000001,0.00339842,3.76788,126142.0,4.2383,33122401.57773944,46000000.0,46000000.0
derby-stars-run,dsrun,Derby Stars RUN,0.032964955147546,2882529.0,2081.0,16485131.0,10045.61,0.03547524,0.03243407,-0.002454211683215,-6.92905,-215721.54628363904,-6.96269,87428162.9939822,500000000.0,500000000.0
realfevr,fevr,RealFevr,0.000213974009201,2869875.0,2085.0,3426547.0,295791.0,0.00022423,0.00020787,-8.215335212031e-06,-3.69745,-106635.14776865207,-3.58256,13400664945.3,16000000000.0,
my-defi-pet,dpet,My DeFi Pet,0.05536722326146001,2791286.0,2101.0,5557009.0,101969.0,0.058022,0.054839,-0.002273932089035,-3.94498,-82868.80143391714,-2.88324,50230000.0,100000000.0,100000000.0
green-satoshi-token-bsc,gst-bsc,STEPN Green Satoshi Token on BSC,0.015152186883054001,2775172.0,2104.0,2775172.0,14546.83,0.01704764,0.015135299999999999,-0.0016867802138290002,-10.01712,-241496.25791062508,-8.0054,183017529.22,183017529.22,
kitty-inu,kitty,Kitty Inu,3.766105406642574e-06,2759579.0,2111.0,2759579.0,416.22,3.95e-06,3.7499999999999997e-06,-1.01311687288e-07,-2.6196200000000003,-70693.55566591024,-2.49776,731738978480.0,731738978480.0,731738978480.0
vidya,vidya,Vidya,0.06621944132610601,2757578.0,2112.0,3310972.0,337770.0,0.06895000000000001,0.064497,-0.000181870896126,-0.27390000000000003,-7573.655266308691,-0.27390000000000003,41643030.455268525,50000000.0,
eldarune,elda,Eldarune,0.012992106205485,2716474.0,2120.0,7682587.0,527629.0,0.0145487,0.01298796,-0.0015201663141530002,-10.47504,-315832.71196028916,-10.41559,208779551.0,590459238.8862319,600000000.0
deepspace,dps,DEEPSPACE,0.047107369134678,2689112.0,2126.0,4196899.0,3098.96,0.04859374,0.04641153,-0.000308989135905,-0.6516500000000001,-19706.29265874112,-0.7274900000000001,57096755.7914214,89110953.7394551,100000000.0
rome,rome,Rome,11.695945401728729,2650940.0,2132.0,2738133.0,10.37,,,,,,,226654.574805502,234109.574805502,
realm,realm,Realm,0.002880622590811,2588056.0,2149.0,2882913.0,142003.0,0.00308645,0.00239273,0.00028153,10.83169,258121.0,11.07847,897722375.464622,1000000000.0,1000000000.0
fabwelt,welt,Fabwelt,0.012145297484288001,2563166.0,2155.0,5958940.0,539986.0,0.01234519,0.01189126,3.0430000000000005e-05,0.25114000000000003,-39765.420148111414,-1.52772,215068938.85857353,500000000.0,500000000.0
shroom-finance,shroom,Niftyx Protocol,0.049548382768195,2546096.0,2161.0,3248264.0,34790.0,0.058464999999999996,0.048480880000000004,-0.007815669608848,-13.62468,-403361.51914122235,-13.67579,51386058.26854872,65557424.1071429,65557424.1071429
bomber-coin,bcoin,BombCrypto,0.034057504614151,2527115.0,2165.0,3410891.0,148942.0,0.04036529,0.03352659,-0.0044529327161550005,-11.56292,-387732.5835618358,-13.30199,74089572.6274308,100000000.0,100000000.0
avaocado-dao,avg,Avocado DAO,0.031670233314321006,2490148.0,2172.0,31683383.0,26350.0,0.03240486,0.03106668,-0.00056929807719,-1.76584,-44316.99590055458,-1.74857,78594766.28384644,1000000000.0,1000000000.0
atari,atri,Atari,0.0015952484503180002,2403062.0,2190.0,3153458.0,1592.0,0.00163556,0.0012433400000000001,0.00013907,9.55039,209698.0,9.56057,1505092185.0,1975082183.0,1975082183.0
unix,unix,UniX,0.008486825712359,2391687.0,2193.0,8494699.0,7256.16,0.00945534,0.00845162,-0.0009327208072250001,-9.90197,-262268.29592818115,-9.88217,281550584.0716207,1000000000.0,1000000000.0
battle-world,bwo,Battle World,0.003438780870826,2373208.0,2199.0,3438723.0,227144.0,0.0039358,0.00329011,-8.255498590113e-05,-2.34442,-55502.96393638244,-2.28528,690142300.0,1000000000.0,1000000000.0
mch-coin,mchc,MCH Coin,0.06587108410489101,2255336.0,2226.0,2323456.0,65190.0,0.070628,0.064667,-0.0024474061033350003,-3.58235,-63524.780951404944,-2.73948,34197090.0,35229977.0,50000000.0
blockchainspace,guild,BlockchainSpace,0.0050522160621390005,2240078.0,2230.0,5058727.0,40360.0,0.00511957,0.00497056,8.131e-05,1.63576,94688.0,4.41357,442814562.19202924,1000000000.0,1000000000.0
fear,fear,FEAR,0.12106427966618001,2169907.0,2245.0,5055974.0,496148.0,0.12452,0.11985799999999999,-0.002520450561156,-2.03945,-38828.39364527399,-1.7579500000000001,17913501.0377506,41739201.6203306,65000000.0
green-satoshi-token-on-eth,gst-eth,STEPN Green Satoshi Token on ETH,0.034493957009535,2137806.0,2254.0,1035127.0,6801.43,0.03628833,0.03448269,-0.001410978575092,-3.92976,-87330.25239691138,-3.92472,61957783.43,30000000.0,
heroeschained,hec,HeroesChained,0.041991569622409006,2092575.0,2268.0,4198732.0,297879.0,0.04738567,0.04196482,-0.0026939165780290003,-6.02862,-130796.63647616934,-5.88281,49838256.0496,100000000.0,100000000.0
zookeeper,zoo,ZooKeeper,0.004430490089884,2058924.0,2279.0,2125371.0,1460.36,0.0048274,0.00442939,-0.00029431258535300004,-6.2291,-137626.38699879684,-6.26557,464717008.176991,479714576.538759,470000000.0
the-three-kingdoms,ttk,The Three Kingdoms,0.00254909628506,2048368.0,2285.0,2549096.0,11048.94,0.00279596,0.00224439,0.00026505,11.60428,214428.0,11.69217,803566437.874027,1000000000.0,1000000000.0
metastrike,mts,Metastrike,0.009055679253855,1990758.0,2301.0,5110059.0,76946.0,0.00934738,0.00877925,-0.00016309398233300002,-1.7691500000000002,-40386.92411718005,-1.98838,220110642.49175,565000000.0,565000000.0
vempire-ddao,vemp,VEMP,0.0070135356555,1947812.0,2315.0,5659085.0,256038.0,0.00715998,0.00691327,4.08e-05,0.58514,9830.38,0.5072500000000001,278073446.89924437,807902261.3775,810720000.0
materium,mtrm,Materium,0.09738008475751,1843950.0,2347.0,1843950.0,32095.0,0.112218,0.09630799999999999,-0.005192077283980001,-5.06188,-125779.21758956509,-6.38561,18930386.0,18930386.0,18930386.0
battle-pets,pet,Hello Pets,0.093131364548968,1839446.0,2350.0,5614339.0,355736.0,0.098606,0.091024,-0.0038946400303940002,-4.01402,-71874.33601101395,-3.76046,19658010.58332462,60000000.0,200000000.0
polker,pkr,Polker,0.003262271613978,1805552.0,2359.0,3264557.0,36209.0,0.00380435,0.00299673,-0.000198116819078,-5.72528,-108851.20534633682,-5.68591,553077352.0,1000000000.0,
alaska-gold-rush,carat,Alaska Gold Rush,0.0053879609912150005,1536131.0,2439.0,5044087.0,57666.0,0.00630762,0.00536523,-0.0009196620703830001,-14.58017,-241080.79686756898,-13.56512,285160568.9969251,936362230.812054,1000000000.0
cocktailbar,coc,The Cocktailbar,30.492722299601827,1527753.0,2441.0,1527753.0,34131.0,35.62,30.56,-1.646395542183039,-5.12272,-80732.77696616715,-5.01918,50000.0,50000.0,50000.0
blockchain-monster-hunt,bcmc,Blockchain Monster Hunt,0.006245407172836,1472094.0,2459.0,6233867.0,14509.92,0.0064475700000000006,0.00617398,-0.000118466962636,-1.86155,-34304.332555895206,-2.27724,236144679.0,1000000000.0,1000000000.0
monsterra,mstr,Monsterra,0.107941645949296,1407904.0,2480.0,10774232.0,224173.0,0.11371,0.108037,-0.000273707089046,-0.25293000000000004,12515.43,0.8969100000000001,12949722.0,99100000.0,100000000.0
metaverser,mtvt,Metaverser,0.005220854987634,1383899.0,2490.0,10330802.0,150428.0,0.00536861,0.0050964700000000005,-0.000118347754495,-2.21658,-27467.047201969195,-1.9461300000000001,264546915.4387937,1974842303.5258,2000000000.0
metafighter,mf,MetaFighter,0.0017137954251470002,1372688.0,2499.0,2572060.0,135966.0,0.0017653999999999999,0.00168841,-7.5484408038e-08,-0.0044,9509.9,0.6976300000000001,800538166.741141,1500000000.0,1500000000.0
ioi-token,ioi,IOI Token,0.036194510903578,1350790.0,2508.0,1357805.0,133165.0,0.03718394,0.034952580000000004,-0.0006034538853970001,-1.63991,-21336.709266851656,-1.55501,37306255.090474,37500000.0,50000000.0
revenant,gamefi,Revenant,0.6351375787377681,1304501.0,2537.0,1899083.0,736.84,0.635842,0.63239,0.00148218,0.23391,-1293.3283067871816,-0.09905000000000001,2060731.94040485,3000000.0,3000000.0
epiko,epiko,Epiko,0.011152110327842002,1259077.0,2556.0,3386770.0,257025.0,0.01391188,0.01079833,-0.0011353735571710002,-9.24008,-81237.7745763387,-6.0611,111529020.53107806,300000000.0,300000000.0
blackpool-token,bpt,BlackPool,0.08906461160510401,1245163.0,2566.0,4631839.0,20.54,0.09628,0.086646,0.00166523,1.90531,21853.0,1.78637,13978996.060749775,52000000.0,100000000.0
revolve-games,rpg,Revolve Games,0.017379875967348,1174086.0,2597.0,1652468.0,7861.65,0.01827908,0.01688403,-0.0007619533986150001,-4.19998,-46605.96423556749,-3.818,67497923.8543182,95000000.0,95000000.0
faraland,fara,FaraLand,0.025669867975879,1083867.0,2644.0,1832251.0,27811.0,0.026169130000000002,0.02532959,-0.000265200932239,-1.02256,-3105.6958901591133,-0.28572000000000003,42000000.0,71000000.0,100000000.0
chronicle,xnl,Chronicle,0.022384078794344002,1075474.0,2647.0,2238683.0,99845.0,0.02669771,0.01812412,0.00393994,21.36149,189293.0,21.36052,48040458.441968426,100000000.0,100000000.0
vigorus,vis,Vigorus,0.00016635320233500002,1045042.0,2663.0,1045042.0,0.696726,,,,,,,6282068748.38208,6282068748.38208,
meta-toy-dragonz-saga-fxerc20,fxmetod,Meta Toy DragonZ SAGA (FXERC20),0.0052875130383700005,1014982.0,2677.0,2643757.0,1.9,,,,,,,191958336.24732462,500000000.0,500000000.0
ebisusbay-fortune,frtn,Fortune Token,0.022700754392184,1012993.0,2678.0,22616340.0,15865.65,0.02398563,0.02265892,-0.000912184757054,-3.86307,-45104.13480914722,-4.26276,44623740.4637415,996281414.567182,999949559.0
nifty-league,nftl,Nifty League,0.0014751606068900002,997254.0,2687.0,1192347.0,478.05,0.00153812,0.00146357,-3.2728943856334e-05,-2.17051,-21825.475984668476,-2.14169,675641824.945835,807818347.400949,1000000000.0
decentral-games-old,dg,Decentral Games (Old),31.567465993093457,984866.0,2692.0,31536791.0,7.39,33.07,30.98,-1.196497224918488,-3.65187,-39390.82944938843,-3.8458,31229.102290982722,1000000.0,1000000.0
gamespad,gmpd,GamesPad,0.013953760500891001,889650.0,2746.0,6908227.0,177370.0,0.01417565,0.01388425,-0.000184095990797,-1.3021500000000001,-11105.717102685943,-1.23293,63705627.148576386,494680763.8813778,500000000.0
cryptozoon,zoon,CryptoZoon,0.0010752189971090001,875371.0,2756.0,1067494.0,58201.0,0.00107733,0.00105879,1.023e-05,0.961,6998.72,0.8059600000000001,816637619.9463553,995870194.456251,1000000000.0
binamon,bmon,Binamon,0.005133833889841,874007.0,2759.0,1174039.0,22018.0,0.0052213500000000005,0.0050687200000000005,-4.0363205115874e-05,-0.7800900000000001,-6670.372474865057,-0.75741,170194929.164554,228619895.806727,
forest-knight,knight,Forest Knight,0.042743417183736004,820045.0,2803.0,4277533.0,18816.53,0.0457037,0.04273809,-0.002917525428901,-6.38954,-55111.57630883122,-6.29734,19170977.585839,100000000.0,100000000.0
iqeon,iqn,IQeon,0.143007931841311,785380.0,2820.0,785380.0,1.44,,,,,,,5491860.1987553,5491860.1987553,
wanaka-farm,wana,Wanaka Farm,0.005071850410733001,779327.0,2828.0,2537965.0,73.81,0.00511179,0.0050146,8e-06,0.15795,1746.26,0.22458000000000003,153520264.82,499955560.82,
micropets,pets,MicroPets [OLD],8.495366066898561e-08,746043.0,2846.0,849537.0,1.037,8.525399999999999e-08,8.4817e-08,-2.7997692e-11,-0.03295,166370.0,28.70067,8781766181956.552,10000000000000.0,10000000000000.0
kleekai,klee,KleeKai,7.401053592386341e-12,740923.0,2851.0,740923.0,8985.17,7.735e-12,7.328e-12,-1.35575e-13,-1.79888,-9139.129638660816,-1.21845,1e+17,1e+17,
retrocraft,retro,RetroCraft,0.001678990504492,731788.0,2858.0,1680587.0,77913.0,0.00169396,0.0016116,3.57e-06,0.21295000000000003,3818.89,0.5246000000000001,435435736.74207777,1000000000.0,1000000000.0
galaxy-fight-club,gcoin,Galaxy Fight Club,0.009123169822818,726065.0,2860.0,1366345.0,12034.82,0.009747510000000001,0.00904711,-0.0005961046447340001,-6.13322,-47742.25171389931,-6.16979,79594052.22412547,149784050.0,150000000.0
dogemon-go,dogo,DogemonGo,6.568440143087234e-06,695980.0,2887.0,915326.0,214.44,7.339999999999999e-06,6.56e-06,-5.993795601569999e-07,-8.36209,-56679.55067303858,-7.53057,104930000000.0,138000000000.0,138000000000.0
token-in,tin,Token IN,0.07519590746435001,675873.0,2905.0,7511601.0,727756.0,0.077924,0.063329,-3.7461613314790006e-05,-0.04979,-342.59987280215137,-0.050660000000000004,8988163.925,99893748.0,100000000.0
cryptoblades,skill,CryptoBlades,0.6698029266652891,675859.0,2906.0,675859.0,348119.0,0.690356,0.666453,-0.014570728635162001,-2.12906,-8951.406432446325,-1.30714,1000000.0,1000000.0,
dinox,dnxc,DinoX,0.004128550369751001,660458.0,2916.0,660458.0,202945.0,0.00469763,0.0039955,-0.00046158216141300003,-10.05597,-67517.80080794543,-9.27474,160000000.0,160000000.0,
pancake-hunny,hunny,Hunny Finance,0.007770755103615001,588471.0,2978.0,777769.0,44.49,0.00792682,0.00761869,-2.3041829319743e-05,-0.29564,-1635.5950255091302,-0.27717,75661361.8418537,99999894.9085984,100000000.0
monsta-infinite,moni,Monsta Infinite,0.015936394034827002,587193.0,2980.0,4299950.0,281219.0,0.01656773,0.01557501,-0.000618179650331,-3.73419,-22687.24778598768,-3.71995,36870683.49184209,270000000.0,270000000.0
must,must,Must,5.577772267020363,582737.0,2984.0,5583194.0,905.96,5.85,5.55,-0.15751731982237802,-2.74646,-15902.838636915782,-2.6565000000000003,104373.326,1000000.0,1000000.0
waves-ducks,egg,Waves Ducks,6.317060240946273,548787.0,3010.0,6255505.0,236.87,6.96,5.49,-0.37947704982788705,-5.66677,-32629.27921476378,-5.61203,86782.3003619,989212.0,989212.0
dragon-crypto-aurum,dcau,Dragon Crypto Aurum,3.474168593883255,526014.0,3034.0,534429.0,957.03,3.63,3.42,-0.07046442356504701,-1.9879200000000001,-17779.288624608773,-3.2695,151702.77,154129.88,155000.0
gg-token,ggtk,GG,0.031261269864025006,495228.0,3059.0,1466877.0,146322.0,0.03222602,0.031188650000000002,-0.00046010556657400005,-1.45046,-5333.66646809387,-1.06554,15800000.0,46800000.0,46800000.0
metarun,mrun,Metarun,0.001346276597596,475024.0,3079.0,1347659.0,655.76,0.00138348,0.00132328,-7.375702548384e-06,-0.5448700000000001,-2207.1717942632968,-0.4625,352480897.5733,1000000000.0,1000000000.0
mist,mist,Mist,0.008206366943171001,462577.0,3092.0,8207968.0,39663.0,0.00866885,0.008155570000000001,-0.00033433855796000003,-3.91465,-19183.667024845432,-3.98199,56357088.21,1000000000.0,1000000000.0
kcal,kcal,KCAL,0.115650482313447,452283.0,3105.0,5798506.0,335966.0,0.11903499999999999,0.112102,-0.001702543424004,-1.45079,-5535.287967814424,-1.20906,3900000.0,50000000.0,50000000.0
gax-liquidity-token-reward,gltr,GAX Liquidity Token Reward,4.21796468636677e-06,440277.0,3121.0,4189972.0,2210.27,4.66e-06,4.15e-06,-2.55686802081e-07,-5.71539,-28304.90867047239,-6.04055,105078753401.044,1000000000000.0,1000000000000.0
cryptotanks,tank,CryptoTanks,0.004395282650535,407322.0,3159.0,440348.0,1273.63,0.00443418,0.00405677,0.00033098000000000003,8.14358,31492.0,8.37939,92500000.0,100000000.0,100000000.0
decentral-games-ice,ice,Decentral Games ICE,0.00177744467627,400205.0,3172.0,403118.0,1128.04,0.0018091700000000001,0.0016016,0.00015895000000000001,9.82095,34982.0,9.57823,225157403.609213,226796290.889,
nitro-league,nitro,Nitro League,0.0018642810268520002,376550.0,3198.0,1864281.0,17677.49,0.00199905,0.00183289,-7.1239787372212e-05,-3.68065,-14498.810743013339,-3.7076700000000002,201981344.0,1000000000.0,1000000000.0
kawaii-islands,kwt,Kawaii Islands,0.001184565311732,365408.0,3212.0,954120.0,14.65,0.00124529,0.00117429,-5.8158155418838004e-05,-4.6799,-17630.101013155363,-4.60271,308172178.0,804672178.00306,804672178.00306
crypto-raiders,raider,Crypto Raiders,0.011876581816813002,355646.0,3226.0,1182240.0,1841.85,0.01245692,0.011694640000000001,-0.00035842172066500005,-2.92948,-11812.45103828999,-3.21463,30082421.067008898,100000000.0,100000000.0
wizarre-scroll,scrl,Wizarre Scroll,7.818187036367965e-05,353107.0,3232.0,700033.0,112726.0,8.02e-05,7.784e-05,-1.8350886196389999e-06,-2.29337,-8288.145356917346,-2.29337,4516482347.61973,8953900000.0,10000000000.0
crabada,cra,Crabada,0.0008548109270410001,304158.0,3309.0,854416.0,91.24,0.00094019,0.00085162,-8.538079220901302e-05,-9.08121,-22631.428920896957,-6.9253800000000005,355983565.0,1000000000.0,1000000000.0
chain-of-legends,cleg,Chain of Legends,0.004044402155412,277740.0,3345.0,2750453.0,6073.09,0.0041278800000000004,0.0038911700000000002,-3.5766989325179006e-05,-0.8766100000000001,-1453.1946369057987,-0.5205000000000001,68333235.0,676702477.0,1000000000.0
lucha,lucha,Lucha,0.022309874367125,276155.0,3348.0,276155.0,656.56,0.02321425,0.02160024,-0.00046988244354200003,-2.06272,-5470.912809088768,-1.9426100000000002,12365470.0,12365470.0,100000000.0
bezoge-earth,bezoge,Bezoge Earth,6.32826836009593e-12,255031.0,3379.0,634770.0,10158.3,7.687e-12,6.206e-12,-1.210393e-12,-16.05581,-48183.28512281086,-15.89085,4.017689831836725e+16,1e+17,1e+17
cryptomeda,tech,Cryptomeda,0.000652629831222,217875.0,3444.0,651528.0,1122.72,0.00065244,0.00061269,3.677e-05,5.9705200000000005,11641.2,5.64467,333841081.439056,998311335.750006,1000000000.0
polkawar,pwar,PolkaWar,0.002884630393782,206728.0,3469.0,256537.0,18991.42,0.00299277,0.00287774,-7.1791481545082e-05,-2.4283200000000003,-4899.898675664968,-2.31533,71595848.0,88845848.0,100000000.0
snook,snk,Snook,0.007828038932675,202831.0,3476.0,299979.0,22998.0,0.00860958,0.00717459,8.941000000000001e-05,1.1553200000000001,1376.67,0.68337,26027079.02,38493055.41,40000000.0
gamyfi-token,gfx,GamyFi,0.06231694148827201,199414.0,3491.0,623169.0,18.44,0.062771,0.062060000000000004,0.00025737,0.41471,823.58,0.41471,3200000.0,10000000.0,10000000.0
ethermon,emon,Ethermon,0.0013367519243500001,196826.0,3501.0,535483.0,21046.0,0.00136961,0.00132925,4.24115e-07,0.031740000000000004,329.61,0.16774,147026673.0,400000000.0,
aavegotchi-kek,kek,Aavegotchi KEK,0.007401000403742,180853.0,3531.0,15148210.0,885.37,0.00824507,0.00735453,-0.000521453615383,-6.58197,-12730.795278178615,-6.57636,24567782.0340674,2057788854.18612,10000000000.0
medieval-empires,mee,Medieval Empires,0.021319513238216,0.0,,22187811.0,514610.0,0.02327742,0.02069228,-0.0012865511061460001,-5.69118,0.0,0.0,0.0,1041443471.23182,3000000000.0
karrat,karrat,Karrat,0.701863688445826,0.0,,701315319.0,13214563.0,0.806202,0.652679,-0.06377974643447701,-8.33022,0.0,0.0,0.0,1000000000.0,1000000000.0
land-of-heroes,loh,Land Of Heroes,0.0031368249673870002,0.0,,31368250.0,3804.49,0.00313858,0.0029551,0.00017586000000000001,5.93945,0.0,0.0,0.0,10000000000.0,10000000000.0
bounty-temple,tyt,Bounty Temple,0.6609786620122501,0.0,,,102954.0,0.6748689999999999,0.6567900000000001,-0.005870042116915,-0.8802700000000001,0.0,0.0,0.0,,48000000.0
playdapp,pda,PlayDapp,0.08248340662808201,48324023.0,708.0,57770513.0,12551753.0,0.094717,0.082309,-0.010819301193246,-11.59591,-6279823.618133143,-11.5007,585537756.0,700000000.0,700000000.0
rainmaker-games,rain,Rainmaker Games,0.0017310565812170002,771464.0,2830.0,1735676.0,3211803.0,0.00194907,0.00163722,-3.7379218342693e-05,-2.11369,-16164.972396716359,-2.05236,444474338.7919175,1000000000.0,1000000000.0
ethlas,els,Ethlas,0.41377417402263705,0.0,,143001218.0,1239875.0,0.45513899999999996,0.40763299999999997,-0.02670809417969,-6.06338,0.0,0.0,0.0,350000000.0,350000000.0
bitcoin-cats,1cat,Bitcoin Cats,0.005977390683243,0.0,,29768042.0,7950966.0,0.00666304,0.00586482,-0.00046312542300900006,-7.19081,0.0,0.0,0.0,5000000000.0,10000000000.0
mxs-games,xseed,MXS Games,,,,,,,,,,,,,50000000000.0,50000000000.0
forgotten-playland,fp,Forgotten Playland,0.038866702875637,21376687.0,1088.0,388667029.0,382347.0,0.04303862,0.03878595,-0.0035704573751230003,-8.41352,-1946173.4215708114,-8.34449,550000000.0,10000000000.0,10000000000.0
tridentdao,psi,TridentDAO,0.008495060573401,17959.39,4146.0,80819.0,62827.0,0.00867537,0.00839094,2.4410000000000002e-05,0.28822000000000003,-626.7844734357132,-3.37232,2097902.0,9440815.0,9440815.0
apeironnft,aprs,Apeiron,0.55837403757609,0.0,,558358303.0,9968424.0,0.594695,0.552778,-0.029181359064999003,-4.96657,0.0,0.0,0.0,1000000000.0,1000000000.0
genopet-ki,ki,Genopets KI,0.001994505754895,0.0,,119144.0,830.49,0.0020284500000000002,0.0019536700000000002,-5.084365978383999e-06,-0.25427,0.0,0.0,0.0,59954759.92,
rebel-bots-oil,xoil,Rebel Bots Oil,0.005286030621968,0.0,,,34.11,0.00528319,0.00526103,8.9e-06,0.16862000000000002,0.0,0.0,0.0,,
decentraland,mana,Decentraland,0.45733095790203504,855334504.0,112.0,1006311541.0,75925655.0,0.49834199999999995,0.456182,-0.022748314323223003,-4.73845,-38797466.3480376,-4.33912,1864136378.379234,2193179327.32015,2193179327.32015
wemix-token,wemix,WEMIX,1.712387407022732,608754834.0,140.0,1634768925.0,8054588.0,1.8900000000000001,1.71,-0.18046192271014602,-9.53388,-37079800.620581746,-5.74138,356260481.129789,956712836.757329,980000000.0
ecomi,omi,ECOMI,0.000630549980907,172841714.0,325.0,198245629.0,395464.0,0.00063909,0.00061759,1.05e-06,0.16751000000000002,2113951.0,1.2382,271679285479.448,311610140106.338,750000000000.0
gamefi,gafi,GameFi.org,7.746267282242404,84255514.0,520.0,115123932.0,490556.0,7.87,7.5,0.06886,0.89692,422683.0,0.5042,10945062.8598,14954970.0,14954970.0
paragonsdao,pdt,ParagonsDAO,0.14913061214797602,18581445.0,1150.0,24310623.0,717.08,0.15903799999999998,0.148257,-0.004115426847513,-2.6855,-462191.5256505646,-2.42701,124204332.88512422,162500000.0,162500000.0
tower,tower,Tower,0.009519900065473002,12431118.0,1326.0,95674301.0,335202.0,0.00982854,0.009354320000000001,-0.00021946783066500002,-2.25341,-221433.72315700166,-1.75011,1299316323.48111,10000000000.0,10000000000.0
gaia-everworld,gaia,Gaia Everworld,0.006290094238172001,2589011.0,2148.0,3149873.0,41250.0,0.00647421,0.00625989,-0.000133049292068,-2.0714,-62343.78210539417,-2.35139,410970685.39357674,500000000.0,500000000.0
plant-vs-undead-token,pvu,Plant vs Undead,0.0026649350790760003,759678.0,2838.0,799661.0,24486.0,0.00275062,0.00266185,-7.7868432802759e-05,-2.83901,-22912.55318032019,-2.9277800000000003,285000000.0,300000000.0,300000000.0
milk,milk,Cool Cats Milk,0.00013025020891,319386.0,3279.0,319386.0,5991.82,0.00013537,0.00012773,1.35e-06,1.04388,11068.08,3.58983,2452095744.65836,2452095744.65836,
game-fantasy-token,gft,Game Fantasy,0.08458371169383601,262718.0,3368.0,262718.0,339.49,0.08989799999999999,0.082981,-0.00044821079896500006,-0.5271100000000001,-61.70622108702082,-0.02348,3090371.0,3090371.0,30000000.0
froggies-token-2,frgst,Froggies,6.9966825823312685e-09,223320.0,3432.0,699825.0,21457.0,7.02e-09,5.967e-09,9.55974e-10,15.82553,30509.0,15.82344,31910898293247.0,100000000000000.0,100000000000000.0
defi-warrior,fiwa,Defi Warrior,6.847173074631822e-05,156521.0,3599.0,689326.0,57384.0,6.992000000000001e-05,6.799e-05,-7.655905365399999e-07,-1.10575,-614.2971493452205,-0.39094,2270639660.0,10000000000.0,10000000000.0
crolon-mars,clmrs,Crolon Mars,0.000250741499142,153555.0,3614.0,251526.0,226.01,0.00026981,0.00024849000000000003,-1.3289785163876001e-05,-5.03341,-7870.2184104922635,-4.87545,610494317.0,1000000000.0,1000000000.0
my-master-war,mat,My Master War,0.004852567518869,143459.0,3646.0,485197.0,12642.01,0.00496748,0.00467516,0.00017332,3.7039999999999997,4938.84,3.56542,29567267.6208044,100000000.0,100000000.0
playnity,ply,PlayNity,0.0016689101438890001,142571.0,3650.0,177544.0,591.74,0.00175412,0.00166481,-7.8586092411052e-05,-4.49707,-6612.2698740874475,-4.4323,85420597.0,106374448.0,150000000.0
benzene,bzn,Benzene,0.125518683806005,129591.0,3692.0,12493263.0,18.19,0.12717499999999998,0.12428499999999999,-0.0013193375250450002,-1.04018,-2660.928319270548,-2.01202,1032441.132376442,99533096.0,100000000.0
demeter,deo,Demeter,0.026957836624205003,121434.0,3710.0,121434.0,1516.3,0.03202826,0.02389046,-0.005005444897581,-15.659980000000001,-22345.35568310108,-15.54139,4500068.31542535,4500068.31542535,10000000.0
wall-street-games,wsg,Wall Street Games [OLD],2.561035174413266e-10,108777.0,3745.0,255707.0,3270.43,2.6762300000000003e-10,2.51127e-10,4.965e-12,1.97694,1953.85,1.8290600000000001,425305470924668.25,999785033525476.0,1000000000000000.0
avaxtars,avxt,Avaxtars,0.00031996278702800003,105059.0,3757.0,95859.0,2.19,0.00035119999999999997,0.00031953,-2.4999407730650003e-05,-7.247,-8946.662059708746,-7.84755,328793327.47805,300000000.0,1000000000.0
crusaders-of-crypto,crusader,Crusaders of Crypto,9.058741730575958e-11,81107.0,3835.0,90587.0,0.600092,9.3289e-11,9.026699999999999e-11,-1.5453289999999999e-12,-1.6772900000000002,-1393.7281692298275,-1.6893600000000002,895340864030599.9,1000000000000000.0,1000000000000000.0
battle-saga,btl,Battle Saga,0.001955377542932,76795.0,3851.0,586554.0,8.3,0.00195762,0.00191189,3.5140000000000006e-05,1.82998,1383.1,1.83407,39277569.36031575,300000000.0,300000000.0
treasure-under-sea,tus,Treasure Under Sea,2.157007831320756e-05,57772.0,3930.0,1293.33,1.9,2.3840000000000002e-05,2.1480000000000004e-05,-1.674042721948e-06,-7.202,-4664.725022884464,-7.47117,2680134353.68478,60000000.0,
fancy-games,fnc,Fancy Games,0.0009710960582120001,39285.0,4034.0,971096.0,1.43,0.0009868,0.0009611,-1.4606821988211001e-05,-1.48187,-2683.8475243163048,-6.39479,40454705.0,1000000000.0,1000000000.0
nftmall,gem,NFTmall,0.0034766715888400004,28972.0,4087.0,69589.0,13473.99,0.00403647,0.0034718600000000002,-4.010699644115e-06,-0.11523000000000001,-141.5911424290498,-0.48634000000000005,8326616.14577531,20000000.0,
nft-soccer-games,nfsg,NFT Soccer Games,0.174643254611657,27601.0,4090.0,34929.0,278.51,0.190853,0.174427,-0.010288989917577,-5.56365,-1615.2396156837094,-5.52863,158040.436803,200000.0,1000000.0
anrkey-x,$anrx,AnRKey X,0.00021291430974500002,18229.37,4145.0,42583.0,301.14,,,,,,,85618332.62718938,200000000.0,200000000.0
wirtual,wirtual,Wirtual,0.002897550792136,16328.54,4164.0,1570885.0,804.4,0.00293948,0.0021632,0.00072481,33.35915,4071.49,33.217530000000004,5640000.0,542595642.571426,1000000000.0
ape-in,apein,Ape In,0.252662027867677,9474.83,4210.0,9474.83,42.79,,,,,,,37500.0,37500.0,
vibe,vibe,VIBE,1.400679460692436e-06,262.11,4283.0,373.98,0.0,1.4e-06,1.4e-06,0.0,0.0,0.0,0.0,187131712.0,267000000.0,
kaby-arena,kaby,Kaby Arena,0.000437867057492,0.0,,115185.0,13947.5,0.00044064,0.00043579000000000003,-1.8903985816779999e-06,-0.42987000000000003,0.0,0.0,0.0,263037653.785894,
dark-energy-crystals,dec,Dark Energy Crystals,0.000883860515219,0.0,,845489225.0,17778.63,0.00088399,0.00084283,2.7260000000000003e-05,3.1828,0.0,0.0,0.0,1000000000000.0,
hero-arena,hera,Hero Arena,0.0022383204148980003,0.0,,223957.0,13678.78,0.0024629,0.00222784,-0.00022043954656800001,-8.96548,0.0,0.0,0.0,100000000.0,
cryptomines-eternal,eternal,CryptoMines Eternal,0.22961740956274201,0.0,,1147579.0,363.42,0.24681699999999998,0.228737,-0.014679520945471002,-6.00888,0.0,0.0,0.0,5000000.0,
starmon-token,smon,StarMon,0.005857366813541,0.0,,585737.0,0.24855000000000002,0.00593819,0.00582035,-4.3408946529463005e-05,-0.73565,0.0,0.0,0.0,100000000.0,100000000.0
nft-champions,champ,NFT Champions,0.0036798754282800004,0.0,,3681199.0,39768.0,0.00381667,0.0034281,0.00022692,6.57181,0.0,0.0,0.0,1000000000.0,
nana-token,nana,NANA Token,0.0011732364635770002,0.0,,,8521.1,0.0014736600000000001,0.00117314,-0.000284866936626,-19.53681,0.0,0.0,0.0,,1000000000.0
syndicate-2,synr,MOBLAND,0.00046672978892200003,0.0,,4161302.0,34913.0,0.0005696,0.00044979,-9.8777251329319e-05,-17.46702,0.0,0.0,0.0,9000000000.0,10000000000.0
green-beli,grbe,Green Beli,0.001052080573755,0.0,,1051997.0,13891.12,0.00105755,0.00102253,2.58e-06,0.24612000000000003,0.0,0.0,0.0,1000000000.0,
life-coin,lfc,Supernova Shards Life Coin,0.028730362511341003,0.0,,417678.0,250.29,0.02891869,0.02849457,0.00021668,0.7599100000000001,0.0,0.0,0.0,14536648.0373049,100000000.0
thetan-arena,thg,Thetan World,0.072510486532484,0.0,,30234820.0,1234279.0,0.075734,0.069703,-0.002314369602466,-3.09305,0.0,0.0,0.0,420000000.0,420000000.0
loserchick-egg,egg,LoserChick EGG,0.034977546474417004,0.0,,19072.28,4.97,0.03532777,0.03487386,-0.00012642738205300002,-0.36015,0.0,0.0,0.0,545272.0,7000000.0
monsterra-mag,mag,Monsterra MAG,0.0019227830001410002,0.0,,,0.061855,0.00195999,0.0018743800000000001,4.8410000000000006e-05,2.58253,0.0,0.0,0.0,,
magical-blocks,mblk,Magical Blocks,0.018931053858842,0.0,,293508.0,167089.0,0.01985636,0.01890543,-0.0005689192807900001,-2.91754,0.0,0.0,0.0,15500000.0,999999998.0
raider-aurum,aurum,Raider Aurum,0.00044490660688400004,0.0,,443988.0,6157.04,0.00045974,0.00043985,-8.247479333788999e-06,-1.82002,0.0,0.0,0.0,1000000000.0,1000000000.0
chaincade,chaincade,ChainCade,1.12720093172468e-09,0.0,,1126121.0,19.57,1.151e-09,1.1020000000000001e-09,1.065e-12,0.09454000000000001,0.0,0.0,0.0,1000000000000000.0,
unicorn-milk,unim,Unicorn Milk,0.002141517149457,0.0,,,16790.76,0.0022051700000000002,0.00208737,4.924000000000001e-05,2.35318,0.0,0.0,0.0,,
cantina-royale,crt,Cantina Royale,0.007307402300248,0.0,,965434.0,76394.0,0.00793192,0.0072965999999999994,-0.000549620149093,-6.99527,0.0,0.0,0.0,131855000.0,1000000000.0
valeria,val,Valeria,0.284272984898469,0.0,,113913093.0,15067.43,0.33141899999999996,0.283893,-0.036228456665968,-11.30368,0.0,0.0,0.0,400000000.0,400000000.0
bunicorn,buni,Bunicorn,0.003175029960787,0.0,,337627.0,19.61,0.0032186800000000002,0.00310021,-1.6906414273243003e-05,-0.52966,0.0,0.0,0.0,106338166.0,
magic-beasties,bsts,Magic Beasties,2.0301140779016902e-07,0.0,,203199.0,1.3599999999999999,2.05622e-07,1.9887399999999998e-07,1.778e-09,0.8834700000000001,0.0,0.0,0.0,1000000000000.0,1000000000000.0
megaweapon,$weapon,Megaweapon,0.79584898896428,0.0,,7825813.0,19327.48,0.8942089999999999,0.795311,-0.07623543922973701,-8.74175,0.0,0.0,0.0,9839945.0,10000000.0
micropets-2,pets,MicroPets,0.000107748327962,0.0,,1078851.0,130.51,0.00011049999999999999,0.00010519,-3.8944026141e-07,-0.36013,0.0,0.0,0.0,10000000000.0,
wall-street-games-2,wsg,Wall Street Games,0.023593304689912,0.0,,11808367.0,63632.0,0.02734775,0.02323683,-0.0016330925835080002,-6.47374,0.0,0.0,0.0,500000000.0,500000000.0
dexioprotocol-v2,dexio,Dexioprotocol,0.008459855190584,0.0,,1060648.0,291.75,0.00890134,0.00842055,-0.000423467287985,-4.76699,0.0,0.0,0.0,125000000.0,
metaversex,metax,MetaverseX,0.017613913703239,0.0,,352916.0,14434.33,0.01956492,0.017310199999999998,-0.0012628035561930001,-6.6897400000000005,0.0,0.0,0.0,20000000.0,
metaland-gameverse,mst,Monster,0.018263327877177,0.0,,18263.33,42.95,0.01911182,0.018052890000000002,-0.00025782999596,-1.39208,0.0,0.0,0.0,1000000.0,1000000.0
ark-rivals,arkn,Ark Rivals,0.00042187358307300006,0.0,,420844.0,1375935.0,0.00043721,0.00041993,-1.0989601761169002e-05,-2.5388200000000003,0.0,0.0,0.0,1000000000.0,1000000000.0
arcade-2,arc,Arcade,0.097216598846578,0.0,,78039067.0,143093.0,0.10838199999999999,0.093152,-0.008767901856285001,-8.27282,0.0,0.0,0.0,800000000.0,800000000.0
dreams-quest,dreams,Dreams Quest,0.001483254412337,0.0,,2602166.0,119818.0,0.00156514,0.0014754,-3.4794846667057e-05,-2.29208,0.0,0.0,0.0,1748006714.30638,4000000000.0
meme-lordz,lordz,Meme Lordz,0.010182559448208001,0.0,,1019226.0,532.5,0.01038084,0.01001667,-1.7705836580176e-05,-0.17358,0.0,0.0,0.0,100000000.0,
zed-run,zed,ZED RUN,0.030343571103241002,0.0,,30356353.0,354655.0,0.03132767,0.03021291,-0.000646557887475,-2.08633,0.0,0.0,0.0,1000000000.0,1000000000.0
zoo-crypto-world,zoo,ZOO Crypto World,0.0010601572198920002,0.0,,79.42,140.9,0.0010877600000000001,0.00105535,-1.8778926458627e-05,-1.7405,0.0,0.0,0.0,74990.0,
shoefy,shoe,ShoeFy,0.002862131017353,0.0,,285812.0,14313.99,0.00299733,0.00285272,-9.993276247329901e-05,-3.3737500000000002,0.0,0.0,0.0,100000000.0,100000000.0
metaderby,dby,Metaderby,0.0018860478741620002,0.0,,1886048.0,2.2,0.00201858,0.00188219,-0.00012171209328800001,-6.06208,0.0,0.0,0.0,1000000000.0,1000000000.0
planet-sandbox,psb,Planet Sandbox,0.012223288840092002,0.0,,52706.0,95411.0,0.012859899999999999,0.01202891,-0.000453704339788,-3.57896,0.0,0.0,0.0,4309125.0,100000000.0
dogwifhood,wif,DOGWIFHOOD,0.00308989351378783,3087471.0,2056.0,3087471.0,416783.0,0.00372306,0.00308461,-0.000233281584097062,-7.01984,-202426.0056306827,-6.15296,998920173.0,998920173.0,998920173.0
toge,toge,TOGE,1.3781251541459395e-05,1378125.0,2498.0,1378125.0,44879.0,1.471e-05,9.24e-06,3.89e-06,39.3959,1378125.0,0.0,100000000000.0,100000000000.0,100000000000.0
hachiko-era,haki,Hachiko Inu,2.0216634345186165e-05,0.0,,202166.0,2115.72,2.231e-05,2.023e-05,-1.553234654969e-06,-7.13479,0.0,0.0,0.0,10000000000.0,10000000000.0
mumba,mumba,Mumba,0.3074621535737144,0.0,,922347.0,1679.25,0.336313,0.308119,-0.02000585114363712,-6.10925,0.0,0.0,0.0,2999873.0,3000000.0
pizza-gram,pizza,Pizza Gram,65.38086898280011,0.0,,392285.0,19875.01,77.71,63.18,-11.608494328051918,-15.07805,0.0,0.0,0.0,6000.0,6000.0
pun-dog,pun,Pun Dog,2.057820938164571e-06,0.0,,1829174.0,68878.0,2.15e-06,1.89e-06,-8.129056149e-08,-3.8002,0.0,0.0,0.0,888888888888.0,888888888888.0
resistance-dog,redo,Resistance Dog,0.6142612092809083,0.0,,61431762.0,1583082.0,0.732844,0.589155,-0.07343613343013322,-10.67855,0.0,0.0,0.0,100000000.0,1000000000.0
resistance-girl,regi,Resistance Girl,0.008513193395557011,0.0,,851319.0,55436.0,0.01121349,0.00801342,-0.002128408457185342,-20.00083,0.0,0.0,0.0,100000000.0,100000000.0
shrimp,shrimp,Shrimp,7.080580063710624e-07,0.0,,708058.0,6566.33,9.01763e-07,7.09722e-07,-1.93705092839e-07,-21.48071,0.0,0.0,0.0,1000000000000.0,1000000000000.0
the-resistance-cat,$reca,The Resistance Cat,0.09568561574593645,0.0,,956856.0,152436.0,0.117858,0.04921754,0.02514605,35.64814,0.0,0.0,0.0,10000000.0,10000000.0
tonk-inu,tonk,Tonk Inu,0.027311627892249703,0.0,,2731163.0,30894.0,0.0349695,0.02727293,-0.007528984562448611,-21.60979,0.0,0.0,0.0,100000000.0,100000000.0
tony-the-duck,tony,TONY THE DUCK,0.005084415565877423,0.0,,5084416.0,118371.0,0.00578521,0.0048426,-0.00056191221275373,-9.95182,0.0,0.0,0.0,1000000000.0,1000000000.0
toon-of-meme,tome,Toon Of Meme,1.4661242618160756e-06,0.0,,,789.23,1.58e-06,1.46e-06,-1.09734483533e-07,-6.96347,0.0,0.0,0.0,,
akita-inu-3,akita,Akita Inu,0.00010548049699617951,0.0,,0.00010548,864.63,0.00012957,0.00010556,-1.486528647301e-05,-12.35215,0.0,0.0,0.0,1.0,
uniton-token,utn,Uniton Token,6.1739197059781e-05,0.0,,123478.0,6399.26,7.889e-05,6.178e-05,-1.4876051714774e-05,-19.41657,0.0,0.0,0.0,2000000000.0,2000000000.0
buffy,buffy,Buffy,1.071787400227956,0.0,,1071787.0,21810.0,1.3,1.059,-0.01847423815334226,-1.69448,0.0,0.0,0.0,1000000.0,1000000.0
