name,symbol,date,rank,market_cap,price,circulating_supply,%1h,%7h,%24h,class,ismultiplatform
Bitcoin,BTC,2013-04-28,-1.3785017697814543,6.429476828815729,6.520015859598869,-0.14298300169047395,0.0635740127732405,0.0635740127732405,0.0635740127732405,4.0,1.0
Litecoin,LTC,2013-04-28,-1.3017571437854125,0.13422244165290145,0.0010986560264027,-0.1421832026298671,0.090878546396456,0.090878546396456,0.090878546396456,4.0,0.0
Peercoin,PPC,2013-04-28,-1.2250125177893707,-0.16580463398131692,-0.19778460175598836,-0.14197338780862048,-0.20435172340456148,-0.20435172340456148,-0.20435172340456148,4.0,1.0
Namecoin,NMC,2013-04-28,-1.1482678917933289,-0.17138867419364895,-0.16160621161899116,-0.14373053182028517,-0.05417678847687629,-0.05417678847687629,-0.05417678847687629,4.0,0.0
Terracoin,TRC,2013-04-28,-1.071523265797287,-0.19139244772979208,-0.18471279269303,-0.1441377113743289,0.058454412718887586,0.058454412718887586,0.058454412718887586,4.0,1.0
Devcoin,DVC,2013-04-28,-0.9947786398012453,-0.191744234088817,-0.21717012973562724,0.43063833285684705,0.032856412447123076,0.032856412447123076,0.032856412447123076,4.0,0.0
Novacoin,NVC,2013-04-28,-0.9180340138052034,-0.19290994233231712,-0.004021637846184638,-0.14440767760985734,0.3195540154908857,0.3195540154908857,0.3195540154908857,4.0,0.0
Bitcoin,BTC,2013-05-05,-1.3785017697814543,5.539576917328682,5.601374900105253,-0.14297948201909844,0.027736812392770167,0.027736812392770167,0.027736812392770167,4.0,1.0
Litecoin,LTC,2013-05-05,-1.3017571437854125,0.07928626071569826,-0.036927055821488766,-0.14215887455595988,-0.028578788205111772,-0.028578788205111772,-0.028578788205111772,4.0,0.0
Namecoin,NMC,2013-05-05,-1.2250125177893707,-0.17007726473034832,-0.1594074971913507,-0.14372394025611884,-0.24872159054228662,-0.24872159054228662,-0.24872159054228662,4.0,0.0
Peercoin,PPC,2013-05-05,-1.1482678917933289,-0.17262441607054377,-0.20194107560550045,-0.1419637898063565,0.007258412175358553,0.007258412175358553,0.007258412175358553,4.0,1.0
Feathercoin,FTC,2013-05-05,-1.071523265797287,-0.18910246074377215,-0.20147422528182338,-0.14359496685375997,-2.2317133449283113,-2.2317133449283113,-2.2317133449283113,4.0,0.0
Freicoin,FRC,2013-05-05,-0.9947786398012453,-0.1908388514731264,-0.21311335603964793,-0.1418021064417827,-2.5866722820301127,-2.5866722820301127,-2.5866722820301127,4.0,0.0
Terracoin,TRC,2013-05-05,-0.9180340138052034,-0.19199768143203047,-0.18867349060035493,-0.14412670392311971,0.14719414699433792,0.14719414699433792,0.14719414699433792,4.0,1.0
Devcoin,DVC,2013-05-05,-0.8412893878091616,-0.19340051908016073,-0.21717451210479466,0.4358470450722772,0.06186747942178953,0.06186747942178953,0.06186747942178953,4.0,0.0
Novacoin,NVC,2013-05-05,-0.7645447618131198,-0.19356203583988982,-0.03209791591420538,-0.14440744094570537,0.1693790805632005,0.1693790805632005,0.1693790805632005,4.0,0.0
Mincoin,MNC,2013-05-05,-0.687800135817078,-0.19755641337891197,-0.21136844020620543,-0.1443089035805485,0.007258412175358553,0.007258412175358553,0.007258412175358553,4.0,1.0
Bitcoin,BTC,2013-05-12,-1.3785017697814543,5.509699285267413,5.555693846928248,-0.14297558041893008,-0.05076372177397435,-0.05076372177397435,-0.05076372177397435,4.0,1.0
Litecoin,LTC,2013-05-12,-1.3017571437854125,0.057982410715048206,-0.053066021312046,-0.1421269800775675,-0.016633054744954995,-0.016633054744954995,-0.016633054744954995,4.0,0.0
Namecoin,NMC,2013-05-12,-1.2250125177893707,-0.17727277485203444,-0.17469810026576355,-0.14371638728499123,-0.04223105501671952,-0.04223105501671952,-0.04223105501671952,4.0,0.0
Peercoin,PPC,2013-05-12,-1.1482678917933289,-0.17766839522655142,-0.2050032121371458,-0.1419548895484872,-0.2504281238937376,-0.2504281238937376,-0.2504281238937376,4.0,1.0
Novacoin,NVC,2013-05-12,-1.071523265797287,-0.19370127328515066,-0.04048114215657883,-0.14440689017804614,-0.06270945523413114,-0.06270945523413114,-0.06270945523413114,4.0,0.0
Devcoin,DVC,2013-05-12,-0.9947786398012453,-0.19370609856510554,-0.21717541568606627,0.4421488680471555,0.05333481266453468,0.05333481266453468,0.05333481266453468,4.0,0.0
Terracoin,TRC,2013-05-12,-0.9180340138052034,-0.193836038206974,-0.19807575572129232,-0.1441135629386539,-0.21971052356762016,-0.21971052356762016,-0.21971052356762016,4.0,1.0
Feathercoin,FTC,2013-05-12,-0.8412893878091616,-0.19443283202142442,-0.2108965699865748,-0.1435819549348862,-0.1275577225892679,-0.1275577225892679,-0.1275577225892679,4.0,0.0
Freicoin,FRC,2013-05-12,-0.7645447618131198,-0.19475330791143167,-0.21538134503144693,-0.14170332121800921,-0.04223105501671952,-0.04223105501671952,-0.04223105501671952,4.0,0.0
CHNCoin,CNC,2013-05-12,-0.687800135817078,-0.19590588344340998,-0.21233728012523423,-0.1437765415966639,0.43730481674100247,0.43730481674100247,0.43730481674100247,4.0,1.0
Mincoin,MNC,2013-05-12,-0.6110555098210361,-0.1969840848740692,-0.2052893462064963,-0.14430636362237645,-0.05076372177397435,-0.05076372177397435,-0.05076372177397435,4.0,1.0
BBQCoin,BQC,2013-05-12,-0.5343108838249943,-0.1973883242528035,-0.21672466918860808,-0.1422046817783788,-0.5064081266113828,-0.5064081266113828,-0.5064081266113828,4.0,0.0
Ixcoin,IXC,2013-05-12,-0.4575662578289525,-0.1974300891462924,-0.216603187706533,-0.14277724835269037,-0.1019597223175034,-0.1019597223175034,-0.1019597223175034,4.0,0.0
BitBar,BTB,2013-05-12,-0.3808216318329107,-0.19771558982643878,1.2315554725686821,-0.14444334633492062,2.2957196364711066,2.2957196364711066,2.2957196364711066,4.0,0.0
Bitcoin,BTC,2013-05-19,-1.3785017697814543,5.871326562268697,5.906584574079088,-0.14297201794518985,-0.10537278902040534,-0.10537278902040534,-0.10537278902040534,4.0,1.0
Litecoin,LTC,2013-05-19,-1.3017571437854125,0.06353602606733476,-0.05135423679189669,-0.14210112428848887,-0.1821667898356989,-0.1821667898356989,-0.1821667898356989,4.0,0.0
Namecoin,NMC,2013-05-19,-1.2250125177893707,-0.1767622339908967,-0.17413587191896962,-0.1437082680056535,0.11477001331676953,0.11477001331676953,0.11477001331676953,4.0,0.0
Peercoin,PPC,2013-05-19,-1.1482678917933289,-0.18056748884566626,-0.20677523540873735,-0.14194515747604697,-0.2606673240024434,-0.2606673240024434,-0.2606673240024434,4.0,1.0
Novacoin,NVC,2013-05-19,-1.071523265797287,-0.19354333506954413,-0.03555662422617862,-0.1444065974098715,-0.2982110577343647,-0.2982110577343647,-0.2982110577343647,4.0,0.0
Terracoin,TRC,2013-05-19,-0.9947786398012453,-0.19392184027485806,-0.1991801328310661,-0.14410038771229633,-0.19581905664730664,-0.19581905664730664,-0.19581905664730664,4.0,1.0
Devcoin,DVC,2013-05-19,-0.9180340138052034,-0.19404997201174812,-0.21717639456577725,0.44849020511154314,-0.031991854908013706,-0.031991854908013706,-0.031991854908013706,4.0,0.0
Feathercoin,FTC,2013-05-19,-0.8412893878091616,-0.19437229173687506,-0.21081625165131854,-0.14357816198687445,0.01237801222971146,0.01237801222971146,0.01237801222971146,4.0,0.0
Freicoin,FRC,2013-05-19,-0.7645447618131198,-0.19491718216927945,-0.21547170315861025,-0.1417007493885379,-0.10366625566895436,-0.10366625566895436,-0.10366625566895436,4.0,0.0
CHNCoin,CNC,2013-05-19,-0.687800135817078,-0.1959250799784686,-0.2124100686165602,-0.14377235776428757,0.08405241299065211,0.08405241299065211,0.08405241299065211,4.0,1.0
Mincoin,MNC,2013-05-19,-0.6110555098210361,-0.1971626554056472,-0.20738766271506642,-0.1443039872350874,-0.10537278902040534,-0.10537278902040534,-0.10537278902040534,4.0,1.0
Ixcoin,IXC,2013-05-19,-0.5343108838249943,-0.19739675955471225,-0.21657357032040725,-0.14277724835269037,1.3929634935535444,1.3929634935535444,1.3929634935535444,4.0,0.0
BitBar,BTB,2013-05-19,-0.4575662578289525,-0.1975128615508245,1.9263090725354386,-0.14444332842377725,2.5875368395692218,2.5875368395692218,2.5875368395692218,4.0,0.0
BBQCoin,BQC,2013-05-19,-0.3808216318329107,-0.19753604824606064,-0.2168313419776203,-0.1421499376856063,-1.2026737340033777,-1.2026737340033777,-1.2026737340033777,4.0,0.0
Bitcoin,BTC,2013-05-26,-1.3785017697814543,6.459423044081381,6.483370619138194,-0.14296837645169938,-0.2436019904879337,-0.2436019904879337,-0.2436019904879337,4.0,1.0
Litecoin,LTC,2013-05-26,-1.3017571437854125,0.06218849839716284,-0.054095099982517,-0.14207403368411306,-0.10878585572330728,-0.10878585572330728,-0.10878585572330728,4.0,0.0
Namecoin,NMC,2013-05-26,-1.2250125177893707,-0.1747034720231894,-0.17048138766480925,-0.14370033310573305,-0.44155985925624597,-0.44155985925624597,-0.44155985925624597,4.0,0.0
Peercoin,PPC,2013-05-26,-1.1482678917933289,-0.18200074859340978,-0.20767379678441691,-0.14193364456183538,-1.1412385333511428,-1.1412385333511428,-1.1412385333511428,4.0,1.0
Novacoin,NVC,2013-05-26,-1.071523265797287,-0.19262798155024294,-0.0008942426671435515,-0.14440626341972712,-0.4603317261222067,-0.4603317261222067,-0.4603317261222067,4.0,0.0
Devcoin,DVC,2013-05-26,-0.9947786398012453,-0.19400814598804364,-0.2171763845259853,0.45383060848194223,-0.18557985653860082,-0.18557985653860082,-0.18557985653860082,4.0,0.0
Terracoin,TRC,2013-05-26,-0.9180340138052034,-0.19433386852461942,-0.20150936455349797,-0.14408850577585108,-0.6292785279158525,-0.6292785279158525,-0.6292785279158525,4.0,1.0
Freicoin,FRC,2013-05-26,-0.8412893878091616,-0.1950249957006651,-0.21554499363953158,-0.14167615896905986,-0.24872159054228662,-0.24872159054228662,-0.24872159054228662,4.0,0.0
Feathercoin,FTC,2013-05-26,-0.7645447618131198,-0.19517142603074306,-0.21222784639344755,-0.1435712872686031,-0.46715785952801053,-0.46715785952801053,-0.46715785952801053,4.0,0.0
CHNCoin,CNC,2013-05-26,-0.687800135817078,-0.1964154723561572,-0.2135013939968548,-0.14377115244969715,-0.549071460397657,-0.549071460397657,-0.549071460397657,4.0,1.0
Mincoin,MNC,2013-05-26,-0.6110555098210361,-0.1975041616036123,-0.2110722663449479,-0.14430268762359502,-1.6207744051088648,-1.6207744051088648,-1.6207744051088648,4.0,1.0
Ixcoin,IXC,2013-05-26,-0.5343108838249943,-0.19751763095428948,-0.2166809960938125,-0.14277724835269037,-0.24872159054228662,-0.24872159054228662,-0.24872159054228662,4.0,0.0
BBQCoin,BQC,2013-05-26,-0.4575662578289525,-0.19757599882324478,-0.2168648748825898,-0.14209509429134762,-0.44667945931059894,-0.44667945931059894,-0.44667945931059894,4.0,0.0
WorldCoin,WDC,2013-05-26,-0.3808216318329107,-0.1978114774003915,-0.21589889630425455,-0.14412862515664734,-0.06270945523413114,-0.06270945523413114,-0.06270945523413114,4.0,0.0
BitBar,BTB,2013-05-26,-0.3040770058368688,-0.19784415348191714,0.654267437914224,-0.14444331459532095,-0.24872159054228662,-0.24872159054228662,-0.24872159054228662,4.0,0.0
Bitcoin,BTC,2013-06-02,-1.3785017697814543,5.9186740449175765,5.921644261939639,-0.14296420157489473,0.12500921342547536,0.12500921342547536,0.12500921342547536,4.0,1.0
Litecoin,LTC,2013-06-02,-1.3017571437854125,0.022864458416965373,-0.08028891706796883,-0.1420471669690296,0.0994112131537108,0.0994112131537108,0.0994112131537108,4.0,0.0
Namecoin,NMC,2013-06-02,-1.2250125177893707,-0.18010274880794117,-0.1815803776180354,-0.1436938139763378,0.0942916130993579,0.0942916130993579,0.0942916130993579,4.0,0.0
Peercoin,PPC,2013-06-02,-1.1482678917933289,-0.18517399529030062,-0.20957633735079984,-0.14192529954941113,0.1915640141320631,0.1915640141320631,0.1915640141320631,4.0,1.0
Novacoin,NVC,2013-06-02,-1.071523265797287,-0.19310711862194643,-0.02116960242339883,-0.14440601766830385,0.11306347996531856,0.11306347996531856,0.11306347996531856,4.0,0.0
Devcoin,DVC,2013-06-02,-0.9947786398012453,-0.19508300961097932,-0.21717913542896783,0.46059999237261934,0.12500921342547536,0.12500921342547536,0.12500921342547536,4.0,0.0
Terracoin,TRC,2013-06-02,-0.9180340138052034,-0.19513354974024166,-0.20521404776719354,-0.14407765899813407,0.12500921342547536,0.12500921342547536,0.12500921342547536,4.0,1.0
Feathercoin,FTC,2013-06-02,-0.8412893878091616,-0.1956546656389272,-0.21307319687201978,-0.14356644072392138,0.3093148153821799,0.3093148153821799,0.3093148153821799,4.0,0.0
Freicoin,FRC,2013-06-02,-0.7645447618131198,-0.19622475739229708,-0.21619205822793994,-0.14166664894211783,0.12500921342547536,0.12500921342547536,0.12500921342547536,4.0,0.0
CHNCoin,CNC,2013-06-02,-0.687800135817078,-0.19680488678940375,-0.21436280814247832,-0.1437707584045426,0.12500921342547536,0.12500921342547536,0.12500921342547536,4.0,1.0
Ixcoin,IXC,2013-06-02,-0.6110555098210361,-0.19769889032489266,-0.21684273714143482,-0.14277724835269037,0.12500921342547536,0.12500921342547536,0.12500921342547536,4.0,0.0
Mincoin,MNC,2013-06-02,-0.5343108838249943,-0.1977334814784972,-0.21350289996564084,-0.14430213395854496,0.12500921342547536,0.12500921342547536,0.12500921342547536,4.0,1.0
BBQCoin,BQC,2013-06-02,-0.4575662578289525,-0.19774299281467472,-0.2169753125935672,-0.142040958650652,0.0738132128819463,0.0738132128819463,0.0738132128819463,4.0,0.0
BitBar,BTB,2013-06-02,-0.3808216318329107,-0.19785187485592534,0.5814789465882272,-0.14444329167959336,0.11988961337112244,0.11988961337112244,0.11988961337112244,4.0,0.0
Bitcoin,BTC,2013-06-09,-1.3785017697814543,4.818076901047502,4.802709453900694,-0.1429599410933607,-0.3937769254156189,-0.3937769254156189,-0.3937769254156189,4.0,1.0
Litecoin,LTC,2013-06-09,-1.3017571437854125,-0.0028140174518893487,-0.09756237904402092,-0.14201983930540307,-0.3289286580604821,-0.3289286580604821,-0.3289286580604821,4.0,0.0
Namecoin,NMC,2013-06-09,-1.2250125177893707,-0.1833395597982996,-0.1882718989240736,-0.1436864980644609,-0.4569186594193047,-0.4569186594193047,-0.4569186594193047,4.0,0.0
Peercoin,PPC,2013-06-09,-1.1482678917933289,-0.1879878613230843,-0.21126302239118155,-0.14191266165735522,-0.2504281238937376,-0.2504281238937376,-0.2504281238937376,4.0,1.0
Novacoin,NVC,2013-06-09,-1.071523265797287,-0.19384122452474276,-0.051278938352593936,-0.14440574491846592,-0.3681789251438544,-0.3681789251438544,-0.3681789251438544,4.0,0.0
Feathercoin,FTC,2013-06-09,-0.9947786398012453,-0.19428789659893536,-0.21086143071490018,-0.14355237520837769,0.010671478878260492,0.010671478878260492,0.010671478878260492,4.0,0.0
Terracoin,TRC,2013-06-09,-0.9180340138052034,-0.19560583524120886,-0.20739770250697345,-0.1440676972416198,-0.4364402592018931,-0.4364402592018931,-0.4364402592018931,4.0,1.0
Devcoin,DVC,2013-06-09,-0.8412893878091616,-0.19568836793337324,-0.21718067653702555,0.46662521672093193,-0.39718999211852085,-0.39718999211852085,-0.39718999211852085,4.0,0.0
Freicoin,FRC,2013-06-09,-0.7645447618131198,-0.19655185466861622,-0.21637679039902932,-0.141632514253806,-0.39718999211852085,-0.39718999211852085,-0.39718999211852085,4.0,0.0
CHNCoin,CNC,2013-06-09,-0.687800135817078,-0.19692398830672952,-0.21462635268003796,-0.14377050343414846,-0.26408039070534534,-0.26408039070534534,-0.26408039070534534,4.0,1.0
BBQCoin,BQC,2013-06-09,-0.6110555098210361,-0.19764442134376084,-0.21692044513079525,-0.14198639867389756,-0.706072528731146,-0.706072528731146,-0.706072528731146,4.0,0.0
Yacoin,YAC,2013-06-09,-0.5343108838249943,-0.19764698244601356,-0.21567049103836952,-0.1440149805322394,-0.8903781306878505,-0.8903781306878505,-0.8903781306878505,4.0,0.0
Digitalcoin,DGC,2013-06-09,-0.4575662578289525,-0.19777150589735062,-0.21521870040255298,-0.1442073812443261,0.48338121723017863,0.48338121723017863,0.48338121723017863,4.0,1.0
WorldCoin,WDC,2013-06-09,-0.3808216318329107,-0.19781562272357076,-0.216540439007114,-0.14382525674589183,-0.43302719249899113,-0.43302719249899113,-0.43302719249899113,4.0,0.0
BitBar,BTB,2013-06-09,-0.3040770058368688,-0.19788174820833726,0.4404198702943988,-0.1444432663932733,-0.3988965254699718,-0.3988965254699718,-0.3988965254699718,4.0,0.0
Mincoin,MNC,2013-06-09,-0.227332379840827,-0.19788448139236955,-0.21512332237943615,-0.14429961665270133,-0.39718999211852085,-0.39718999211852085,-0.39718999211852085,4.0,1.0
Memecoin,MEM,2013-06-09,-0.15058775384478518,-0.19801852463927305,-0.21710040840072883,-0.14330213282930884,-0.06782905528848404,-0.06782905528848404,-0.06782905528848404,4.0,1.0
AmericanCoin,AMC,2013-06-09,-0.07384312784874336,-0.1980662350139003,-0.21697676836339375,-0.14431290737959385,-0.48422319304252015,-0.48422319304252015,-0.48422319304252015,4.0,1.0
Franko,FRK,2013-06-09,0.0029014981472984635,-0.19807236677968698,-0.2096566556860561,-0.14444129010931966,-0.48763625974542213,-0.48763625974542213,-0.48763625974542213,4.0,1.0
Elacoin,ELC,2013-06-09,0.07964612414334028,-0.19808129219187504,-0.21537933707306556,-0.14444091450210683,-3.1566544214147365,-3.1566544214147365,-3.1566544214147365,4.0,0.0
Bitcoin,BTC,2013-06-16,-1.3785017697814543,4.807676163820829,4.7781119637284615,-0.1429557267066809,-0.047350655071072424,-0.047350655071072424,-0.047350655071072424,4.0,1.0
Litecoin,LTC,2013-06-16,-1.3017571437854125,-0.02169676510316239,-0.11028781528618657,-0.1419936047483216,0.09770467980225983,0.09770467980225983,0.09770467980225983,4.0,0.0
Namecoin,NMC,2013-06-16,-1.2250125177893707,-0.18778482031721916,-0.19735289070398587,-0.14367251156866748,0.1710856139146515,0.1710856139146515,0.1710856139146515,4.0,0.0
Peercoin,PPC,2013-06-16,-1.1482678917933289,-0.18859522282877106,-0.21163951458769534,-0.14190244730103932,-0.17875372313279694,-0.17875372313279694,-0.17875372313279694,4.0,1.0
Novacoin,NVC,2013-06-16,-1.071523265797287,-0.1938828948066452,-0.05419047800563382,-0.1444054463555096,-0.09513358891169951,-0.09513358891169951,-0.09513358891169951,4.0,0.0
Feathercoin,FTC,2013-06-16,-0.9947786398012453,-0.19444312776556902,-0.21173991250676566,-0.14345061752499916,0.0209106789869663,0.0209106789869663,0.0209106789869663,4.0,0.0
Terracoin,TRC,2013-06-16,-0.9180340138052034,-0.19599875960848162,-0.2091446262987974,-0.14405859153239986,-0.031991854908013706,-0.031991854908013706,-0.031991854908013706,4.0,1.0
Devcoin,DVC,2013-06-16,-0.8412893878091616,-0.19625402692243352,-0.21718209515962206,0.47276898333777273,0.1813248140233573,0.1813248140233573,0.1813248140233573,4.0,0.0
Freicoin,FRC,2013-06-16,-0.7645447618131198,-0.19636567861213494,-0.21628743625105679,-0.14160502196569977,-0.047350655071072424,-0.047350655071072424,-0.047350655071072424,4.0,0.0
CHNCoin,CNC,2013-06-16,-0.687800135817078,-0.1971224032735101,-0.2150886850973569,-0.14376264571018407,-0.047350655071072424,-0.047350655071072424,-0.047350655071072424,4.0,1.0
BBQCoin,BQC,2013-06-16,-0.6110555098210361,-0.19771464473460562,-0.21696768235171784,-0.14193219138862836,1.148929224296056,1.148929224296056,1.148929224296056,4.0,0.0
Digitalcoin,DGC,2013-06-16,-0.5343108838249943,-0.19776613195924062,-0.21568705669501612,-0.1441282779965446,-0.03540492161091564,-0.03540492161091564,-0.03540492161091564,4.0,1.0
Yacoin,YAC,2013-06-16,-0.4575662578289525,-0.19776960222318518,-0.21618754032158177,-0.14397538136479893,-0.15656878956393439,-0.15656878956393439,-0.15656878956393439,4.0,0.0
WorldCoin,WDC,2013-06-16,-0.3808216318329107,-0.19783101743116285,-0.21671096487265498,-0.14365157594433786,-0.047350655071072424,-0.047350655071072424,-0.047350655071072424,4.0,0.0
Mincoin,MNC,2013-06-16,-0.3040770058368688,-0.1979172281765772,-0.21548324891930334,-0.1442977251832796,-0.047350655071072424,-0.047350655071072424,-0.047350655071072424,4.0,1.0
BitBar,BTB,2013-06-16,-0.227332379840827,-0.19798904651841545,0.08253140818435592,-0.14444325058932325,-1.9433092085330976,-1.9433092085330976,-1.9433092085330976,4.0,0.0
GoldCoin,GLC,2013-06-16,-0.15058775384478518,-0.19799640307014638,-0.21711310873749123,-0.14265702875826367,-0.1599818562668363,-0.1599818562668363,-0.1599818562668363,4.0,0.0
Memecoin,MEM,2013-06-16,-0.07384312784874336,-0.1980469803316737,-0.21714552220566308,-0.1430764787625247,-0.1019597223175034,-0.1019597223175034,-0.1019597223175034,4.0,1.0
Luckycoin,LKY,2013-06-16,0.0029014981472984635,-0.19804931997602948,-0.2170603998299793,-0.14402702603956766,-0.05417678847687629,-0.05417678847687629,-0.05417678847687629,4.0,0.0
Franko,FRK,2013-06-16,0.07964612414334028,-0.19806563689058157,-0.20745292136246213,-0.1444408152006207,2.785494708337534,2.785494708337534,2.785494708337534,4.0,1.0
AmericanCoin,AMC,2013-06-16,0.1563907501393821,-0.19807514764795883,-0.21708032881691477,-0.14430993096900127,-0.047350655071072424,-0.047350655071072424,-0.047350655071072424,4.0,1.0
Junkcoin,JKC,2013-06-16,0.23313537613542393,-0.19807599331971076,-0.21716739389233258,-0.14376601168814535,0.12500921342547536,0.12500921342547536,0.12500921342547536,4.0,0.0
Nibble,NBL,2013-06-16,0.30988000213146577,-0.19807639821277767,-0.2170367059210787,-0.14436130644982084,-0.008100387987700158,-0.008100387987700158,-0.008100387987700158,4.0,1.0
Elacoin,ELC,2013-06-16,0.3866246281275076,-0.19807851154621867,-0.21393963091359683,-0.14444088908408714,-0.047350655071072424,-0.047350655071072424,-0.047350655071072424,4.0,0.0
Bitcoin,BTC,2013-06-23,-1.3785017697814543,5.227619212185593,5.184221546367988,-0.14295215764796151,-0.09172052220879758,-0.09172052220879758,-0.09172052220879758,4.0,1.0
Litecoin,LTC,2013-06-23,-1.3017571437854125,0.06310538360013315,-0.060706302953298916,-0.14196519056312917,-0.14632958945522856,-0.14632958945522856,-0.14632958945522856,4.0,0.0
Namecoin,NMC,2013-06-23,-1.2250125177893707,-0.18326200189465816,-0.18893954508589134,-0.14366458983870536,-0.24872159054228662,-0.24872159054228662,-0.24872159054228662,4.0,0.0
Peercoin,PPC,2013-06-23,-1.1482678917933289,-0.1875843678843591,-0.21108230613685494,-0.14188919015754065,-0.13097078929216985,-0.13097078929216985,-0.13097078929216985,4.0,1.0
Novacoin,NVC,2013-06-23,-1.071523265797287,-0.19344279291720004,-0.041640738121841256,-0.14440446005732693,-0.13950345604942468,-0.13950345604942468,-0.13950345604942468,4.0,0.0
Feathercoin,FTC,2013-06-23,-0.9947786398012453,-0.194526350254114,-0.21221730461194516,-0.14338044140180203,-0.06441598858558209,-0.06441598858558209,-0.06441598858558209,4.0,0.0
Terracoin,TRC,2013-06-23,-0.9180340138052034,-0.19622906811879096,-0.21016366517736135,-0.1440513164473939,0.039682545852926944,0.039682545852926944,0.039682545852926944,4.0,1.0
Devcoin,DVC,2013-06-23,-0.8412893878091616,-0.19627110393534034,-0.21718217848989488,0.4787745180715175,-0.09172052220879758,-0.09172052220879758,-0.09172052220879758,4.0,0.0
Freicoin,FRC,2013-06-23,-0.7645447618131198,-0.19686262260843848,-0.21655449471578384,-0.14157250296788126,-0.1019597223175034,-0.1019597223175034,-0.1019597223175034,4.0,0.0
CHNCoin,CNC,2013-06-23,-0.687800135817078,-0.19748248722449702,-0.21589036248113352,-0.1437539071794036,0.6540345523752753,0.6540345523752753,0.6540345523752753,4.0,1.0
Digitalcoin,DGC,2013-06-23,-0.6110555098210361,-0.19770996397663174,-0.21577139094703518,-0.1440505292789819,0.01237801222971146,0.01237801222971146,0.01237801222971146,4.0,1.0
Yacoin,YAC,2013-06-23,-0.5343108838249943,-0.19771951627406087,-0.21610069612158592,-0.14394424639790598,-0.10025318896605243,-0.10025318896605243,-0.10025318896605243,4.0,0.0
BBQCoin,BQC,2013-06-23,-0.4575662578289525,-0.19772918143754717,-0.21698068388223746,-0.14187842081917887,-0.08489438880299371,-0.08489438880299371,-0.08489438880299371,4.0,0.0
Ixcoin,IXC,2013-06-23,-0.3808216318329107,-0.19778002494720956,-0.21693801476663255,-0.14262283743913082,-0.07977478874864082,-0.07977478874864082,-0.07977478874864082,4.0,0.0
WorldCoin,WDC,2013-06-23,-0.3040770058368688,-0.19778270937844789,-0.21669625657751118,-0.14352897311424376,-0.08489438880299371,-0.08489438880299371,-0.08489438880299371,4.0,0.0
BitBar,BTB,2013-06-23,-0.227332379840827,-0.19797499115470263,0.11229939118871188,-0.1444432300441882,-0.08489438880299371,-0.08489438880299371,-0.08489438880299371,4.0,0.0
Mincoin,MNC,2013-06-23,-0.15058775384478518,-0.19797644808408765,-0.21610571601753942,-0.14429494869265516,-0.1019597223175034,-0.1019597223175034,-0.1019597223175034,4.0,1.0
GoldCoin,GLC,2013-06-23,-0.07384312784874336,-0.19800394198849283,-0.21712681305344433,-0.142433468714861,-0.11561198912911114,-0.11561198912911114,-0.11561198912911114,4.0,0.0
Memecoin,MEM,2013-06-23,0.0029014981472984635,-0.19802532665579964,-0.21713178275043835,-0.14283212335484913,-0.04905718842252339,-0.04905718842252339,-0.04905718842252339,4.0,1.0
Bytecoin,BTE,2013-06-23,0.07964612414334028,-0.1980340856406418,-0.21656503649728623,-0.14432271241360348,-0.08489438880299371,-0.08489438880299371,-0.08489438880299371,4.0,1.0
Luckycoin,LKY,2013-06-23,0.1563907501393821,-0.19803442757804599,-0.21704599272859268,-0.14391225195952953,-0.08489438880299371,-0.08489438880299371,-0.08489438880299371,4.0,0.0
Franko,FRK,2013-06-23,0.23313537613542393,-0.19806540790828084,-0.20881331316586524,-0.1444403007820466,-0.08489438880299371,-0.08489438880299371,-0.08489438880299371,4.0,1.0
Nibble,NBL,2013-06-23,0.30988000213146577,-0.19807032205634229,-0.21697039309553276,-0.14434485058683222,-0.08489438880299371,-0.08489438880299371,-0.08489438880299371,4.0,1.0
AmericanCoin,AMC,2013-06-23,0.3866246281275076,-0.19807392922881784,-0.2170719455906724,-0.14430396497785775,-0.08489438880299371,-0.08489438880299371,-0.08489438880299371,4.0,1.0
Junkcoin,JKC,2013-06-23,0.4633692541235494,-0.19807544568558688,-0.21716743907139616,-0.14372186598767492,-0.11390545577766018,-0.11390545577766018,-0.11390545577766018,4.0,0.0
Elacoin,ELC,2013-06-23,0.5401138801195913,-0.198076349148322,-0.21283274385584633,-0.14444087209484086,-0.06441598858558209,-0.06441598858558209,-0.06441598858558209,4.0,0.0
Bitcoin,BTC,2013-06-30,-1.3785017697814543,4.685911979438925,4.632534981076467,-0.14294840420982485,-0.13609038934652273,-0.13609038934652273,-0.13609038934652273,4.0,1.0
Litecoin,LTC,2013-06-30,-1.3017571437854125,0.05445706679885174,-0.06756850072175669,-0.14193740195095955,-0.031991854908013706,-0.031991854908013706,-0.031991854908013706,4.0,0.0
Namecoin,NMC,2013-06-30,-1.2250125177893707,-0.18474905440669828,-0.19201674130539728,-0.14365703028259855,-0.3272221247090311,-0.3272221247090311,-0.3272221247090311,4.0,0.0
Peercoin,PPC,2013-06-30,-1.1482678917933289,-0.1875430482218652,-0.21107728624090144,-0.14188220586521563,0.0021388121210056538,0.0021388121210056538,0.0021388121210056538,4.0,1.0
Novacoin,NVC,2013-06-30,-1.071523265797287,-0.19393766422965242,-0.0619411973578641,-0.14440405916379404,-0.1326773226436208,-0.1326773226436208,-0.1326773226436208,4.0,0.0
Feathercoin,FTC,2013-06-30,-0.9947786398012453,-0.1949932331886182,-0.21325792904310922,-0.14327519367945435,0.0789328129362992,0.0789328129362992,0.0789328129362992,4.0,0.0
Terracoin,TRC,2013-06-30,-0.9180340138052034,-0.19632199633136596,-0.21064055529294545,-0.1440439570746544,-0.09172052220879758,-0.09172052220879758,-0.09172052220879758,4.0,1.0
Devcoin,DVC,2013-06-30,-0.8412893878091616,-0.19652272311556515,-0.21718281350673302,0.484806350578144,-0.1326773226436208,-0.1326773226436208,-0.1326773226436208,4.0,0.0
Freicoin,FRC,2013-06-30,-0.7645447618131198,-0.19686119662260762,-0.21655600068456993,-0.14156218193490255,-0.1326773226436208,-0.1326773226436208,-0.1326773226436208,4.0,0.0
Digitalcoin,DGC,2013-06-30,-0.687800135817078,-0.19766703885569292,-0.21587178886610556,-0.14397190252029438,-0.1019597223175034,-0.1019597223175034,-0.1019597223175034,4.0,1.0
Yacoin,YAC,2013-06-30,-0.6110555098210361,-0.197672871470774,-0.21601284794239936,-0.14392268256656193,-0.5883217274810293,-0.5883217274810293,-0.5883217274810293,4.0,0.0
BBQCoin,BQC,2013-06-30,-0.5343108838249943,-0.19774507026249755,-0.21699393640755477,-0.14182439791332693,-0.2606673240024434,-0.2606673240024434,-0.2606673240024434,4.0,0.0
WorldCoin,WDC,2013-06-30,-0.4575662578289525,-0.19783911912148702,-0.21678781947970333,-0.14352897311424376,-0.1326773226436208,-0.1326773226436208,-0.1326773226436208,4.0,0.0
Ixcoin,IXC,2013-06-30,-0.3808216318329107,-0.19785673058968029,-0.21700221923587806,-0.14260686912800122,-0.1326773226436208,-0.1326773226436208,-0.1326773226436208,4.0,0.0
CHNCoin,CNC,2013-06-30,-0.3040770058368688,-0.19788170390785328,-0.21675001966317334,-0.14375311908909447,-1.830678007337334,-1.830678007337334,-1.830678007337334,4.0,1.0
Mincoin,MNC,2013-06-30,-0.227332379840827,-0.19789469792992012,-0.2153190983216233,-0.1442926176100229,-0.1326773226436208,-0.1326773226436208,-0.1326773226436208,4.0,1.0
BitBar,BTB,2013-06-30,-0.15058775384478518,-0.19797978335399452,0.07962990832322306,-0.14444319962158433,-0.1326773226436208,-0.1326773226436208,-0.1326773226436208,4.0,0.0
Luckycoin,LKY,2013-06-30,-0.07384312784874336,-0.1980308610996834,-0.21705507874026858,-0.1438353320274473,-0.1326773226436208,-0.1326773226436208,-0.1326773226436208,4.0,0.0
Memecoin,MEM,2013-06-30,0.0029014981472984635,-0.1980372111622269,-0.2171483283275011,-0.14259578845182347,-0.14120998940087565,-0.14120998940087565,-0.14120998940087565,4.0,1.0
GoldCoin,GLC,2013-06-30,0.07964612414334028,-0.19805578949404898,-0.21716702743992797,-0.14223828993175486,-0.28285225757130594,-0.28285225757130594,-0.28285225757130594,4.0,0.0
Bytecoin,BTE,2013-06-30,0.1563907501393821,-0.19805625939084112,-0.21683761684756223,-0.14432263339385323,-0.13438385599507177,-0.13438385599507177,-0.13438385599507177,4.0,1.0
Franko,FRK,2013-06-30,0.23313537613542393,-0.19807183766717246,-0.21230967069748985,-0.14443980440631546,-0.1326773226436208,-0.1326773226436208,-0.1326773226436208,4.0,1.0
Nibble,NBL,2013-06-30,0.30988000213146577,-0.19807264723069073,-0.2170065865453576,-0.14434415916401758,-0.1975255899987576,-0.1975255899987576,-0.1975255899987576,4.0,1.0
AmericanCoin,AMC,2013-06-30,0.3866246281275076,-0.19807533437783814,-0.21708946502755017,-0.14430023787963783,-0.1326773226436208,-0.1326773226436208,-0.1326773226436208,4.0,1.0
Elacoin,ELC,2013-06-30,0.4633692541235494,-0.19807691819805678,-0.2131585351032296,-0.1444408514180062,-0.1326773226436208,-0.1326773226436208,-0.1326773226436208,4.0,0.0
Junkcoin,JKC,2013-06-30,0.5401138801195913,-0.19808424149103232,-0.21718553981222533,-0.14371574854201008,0.6284365521035109,0.6284365521035109,0.6284365521035109,4.0,0.0
Bitcoin,BTC,2013-07-07,-1.3785017697814543,3.5812093268596827,3.525647923325963,-0.1429443939574999,0.1710856139146515,0.1710856139146515,0.1710856139146515,4.0,1.0
Litecoin,LTC,2013-07-07,-1.3017571437854125,0.029428063184609568,-0.08382794371519833,-0.1419104825560426,0.15231374704869083,0.15231374704869083,0.15231374704869083,4.0,0.0
Namecoin,NMC,2013-07-07,-1.2250125177893707,-0.1865171562684426,-0.19525457419541575,-0.14366060026321506,-0.1173185224805621,-0.1173185224805621,-0.1173185224805621,4.0,0.0
Peercoin,PPC,2013-07-07,-1.1482678917933289,-0.18658489696221287,-0.2105602369576892,-0.14186619119583255,0.12330268007402438,0.12330268007402438,0.12330268007402438,4.0,1.0
Novacoin,NVC,2013-07-07,-1.071523265797287,-0.1942223321497457,-0.07473189224742548,-0.144403464671873,0.005551878823907583,0.005551878823907583,0.005551878823907583,4.0,0.0
Feathercoin,FTC,2013-07-07,-0.9947786398012453,-0.19491524358900397,-0.21340601597373798,-0.14319877499598785,-0.025165721502209838,-0.025165721502209838,-0.025165721502209838,4.0,0.0
Terracoin,TRC,2013-07-07,-0.9180340138052034,-0.19577307161639249,-0.20880327337395824,-0.1440343140311328,-0.15656878956393439,-0.15656878956393439,-0.15656878956393439,4.0,1.0
Devcoin,DVC,2013-07-07,-0.8412893878091616,-0.19685165274004432,-0.21718361769406475,0.4908579401295251,0.1762052139690044,0.1762052139690044,0.1762052139690044,4.0,0.0
Freicoin,FRC,2013-07-07,-0.7645447618131198,-0.19708741955973724,-0.2166809960938125,-0.1415140815593315,-0.6736483950535777,-0.6736483950535777,-0.6736483950535777,4.0,0.0
Yacoin,YAC,2013-07-07,-0.687800135817078,-0.19759994125357186,-0.21589538237708708,-0.14388627685062802,0.1762052139690044,0.1762052139690044,0.1762052139690044,4.0,0.0
Digitalcoin,DGC,2013-07-07,-0.6110555098210361,-0.19768395229073216,-0.21610471203834872,-0.1438935847288303,1.1625814911076637,1.1625814911076637,1.1625814911076637,4.0,1.0
CHNCoin,CNC,2013-07-07,-0.5343108838249943,-0.1977706938405388,-0.21651282957936968,-0.14375162403541983,-0.4449729259591479,-0.4449729259591479,-0.4449729259591479,4.0,1.0
BBQCoin,BQC,2013-07-07,-0.4575662578289525,-0.19779305899554286,-0.21702440717599258,-0.14177154608017362,0.1710856139146515,0.1710856139146515,0.1710856139146515,4.0,0.0
WorldCoin,WDC,2013-07-07,-0.3808216318329107,-0.19783501266697365,-0.2168998133584263,-0.14315049511388414,0.1710856139146515,0.1710856139146515,0.1710856139146515,4.0,0.0
Ixcoin,IXC,2013-07-07,-0.3040770058368688,-0.1978760720919509,-0.21701908608628187,-0.1425932398014789,0.1710856139146515,0.1710856139146515,0.1710856139146515,4.0,0.0
Megacoin,MEC,2013-07-07,-0.227332379840827,-0.1979146374664633,-0.2170288748833912,-0.14284143451541972,0.3980545496576302,0.3980545496576302,0.3980545496576302,4.0,0.0
Mincoin,MNC,2013-07-07,-0.15058775384478518,-0.19792951601776285,-0.21568454674703938,-0.14429026822114854,0.1762052139690044,0.1762052139690044,0.1762052139690044,4.0,1.0
Phoenixcoin,PXC,2013-07-07,-0.07384312784874336,-0.19793073065244038,-0.21659113995624452,-0.14405952396545274,-0.025165721502209838,-0.025165721502209838,-0.025165721502209838,4.0,0.0
Bitgem,BTG,2013-07-07,0.0029014981472984635,-0.19797078403346127,-0.1439010385909366,-0.1444414161458213,0.17279214726610245,0.17279214726610245,0.17279214726610245,4.0,0.0
BitBar,BTB,2013-07-07,0.07964612414334028,-0.19801641135035514,-0.030039758573263405,-0.14444318263233802,0.1710856139146515,0.1710856139146515,0.1710856139146515,4.0,0.0
Luckycoin,LKY,2013-07-07,0.1563907501393821,-0.19802934802666985,-0.21706652410304259,-0.14375841472935674,0.17449868061755341,0.17449868061755341,0.17449868061755341,4.0,0.0
CraftCoin,CRC,2013-07-07,0.23313537613542393,-0.19803138486942595,-0.21033936153573443,-0.14443216385496463,-0.3920703920641679,-0.3920703920641679,-0.3920703920641679,4.0,1.0
Fastcoin,FST,2013-07-07,0.30988000213146577,-0.1980353691970774,-0.21712550788049642,-0.14324277609031533,0.5857732183172367,0.5857732183172367,0.5857732183172367,4.0,1.0
GoldCoin,GLC,2013-07-07,0.3866246281275076,-0.1980481014233192,-0.21716376952745414,-0.14205233011951066,0.6181973519948051,0.6181973519948051,0.6181973519948051,4.0,0.0
Bytecoin,BTE,2013-07-07,0.4633692541235494,-0.19805013016287112,-0.2167625192040976,-0.14432261363891566,0.1710856139146515,0.1710856139146515,0.1710856139146515,4.0,1.0
Krugercoin,KGC,2013-07-07,0.5401138801195913,-0.19806311968810497,-0.21711586968026564,-0.1439897653299361,0.1710856139146515,0.1710856139146515,0.1710856139146515,4.0,1.0
AlphaCoin,ALF,2013-07-07,0.6168585061156331,-0.198063698711014,-0.21714896083439125,-0.14361256863482671,0.6318496188064129,0.6318496188064129,0.6318496188064129,4.0,1.0
Argentum,ARG,2013-07-07,0.6936031321116749,-0.19806477447814422,-0.2165314031943977,-0.14439852620088184,0.1710856139146515,0.1710856139146515,0.1710856139146515,4.0,1.0
Memecoin,MEM,2013-07-07,0.7703477581077167,-0.19807100517425796,-0.21717675097838993,-0.1423560425295789,0.6420888189151187,0.6420888189151187,0.6420888189151187,4.0,1.0
Bottlecaps,CAP,2013-07-07,0.8470923841037585,-0.19807127792276552,-0.21643803312966226,-0.14441707766764694,0.17279214726610245,0.17279214726610245,0.17279214726610245,4.0,1.0
StableCoin,SBC,2013-07-07,0.9238370100998003,-0.19807450811815755,-0.21714532642972093,-0.14407570918579676,-0.5797890607237743,-0.5797890607237743,-0.5797890607237743,4.0,1.0
Hypercoin,HYC,2013-07-07,1.0005816360958422,-0.19807707514198253,-0.21701808210709117,-0.14437639645642644,0.1710856139146515,0.1710856139146515,0.1710856139146515,4.0,1.0
Elacoin,ELC,2013-07-07,1.077326262091884,-0.1980780889774813,-0.21382166335868918,-0.14444080176726312,0.1710856139146515,0.1710856139146515,0.1710856139146515,4.0,0.0
Nibble,NBL,2013-07-07,1.1540708880879258,-0.19807865606819966,-0.2170966434787637,-0.14434365870559934,0.1710856139146515,0.1710856139146515,0.1710856139146515,4.0,1.0
Franko,FRK,2013-07-07,1.2308155140839676,-0.19807907155776425,-0.2152839590499487,-0.14443932225413939,0.1710856139146515,0.1710856139146515,0.1710856139146515,4.0,1.0
Noirbits,NRB,2013-07-07,1.3075601400800094,-0.1980794062379032,-0.21703680631899777,-0.14439110005645336,0.1710856139146515,0.1710856139146515,0.1710856139146515,4.0,0.0
AmericanCoin,AMC,2013-07-07,1.3843047660760512,-0.19807943700336494,-0.21713258593379087,-0.14429839408546544,0.1710856139146515,0.1710856139146515,0.1710856139146515,4.0,1.0
Doubloons,DBL,2013-07-07,1.461049392072093,-0.1980807764362904,-0.217038513083622,-0.14440422734416247,0.5618817513969231,0.5618817513969231,0.5618817513969231,4.0,1.0
EZCoin,EZC,2013-07-07,1.5377940180681349,-0.19808207566485703,-0.21717958721960368,-0.14387718022867935,0.5652948180998251,0.5652948180998251,0.5652948180998251,4.0,0.0
Junkcoin,JKC,2013-07-07,1.6145386440641767,-0.19808357587069475,-0.21718429939593523,-0.14367683131501421,0.5618817513969231,0.5618817513969231,0.5618817513969231,4.0,0.0
Bitcoin,BTC,2013-07-14,-1.3785017697814543,4.6144980985263295,4.53615297876894,-0.142940350780279,0.14719414699433792,0.14719414699433792,0.14719414699433792,4.0,1.0
Litecoin,LTC,2013-07-14,-1.3017571437854125,0.053593801788644285,-0.07120792528805654,-0.14188363559589673,-0.18728638989005178,-0.18728638989005178,-0.18728638989005178,4.0,0.0
Namecoin,NMC,2013-07-14,-1.2250125177893707,-0.1836524760667191,-0.19009412115520027,-0.14365277730794077,0.4424244167953554,0.4424244167953554,0.4424244167953554,4.0,0.0
Peercoin,PPC,2013-07-14,-1.1482678917933289,-0.18409858300920973,-0.2091546660907044,-0.14185849230156614,0.19839014753786696,0.19839014753786696,0.19839014753786696,4.0,1.0
Novacoin,NVC,2013-07-14,-1.071523265797287,-0.1926043941916344,-0.017495038585424345,-0.14440297330072607,0.16084641380594566,0.16084641380594566,0.16084641380594566,4.0,0.0
Feathercoin,FTC,2013-07-14,-0.9947786398012453,-0.19440830620492455,-0.21305110932982435,-0.1431236667233796,-0.09684012226315049,-0.09684012226315049,-0.09684012226315049,4.0,0.0
Terracoin,TRC,2013-07-14,-0.9180340138052034,-0.1958692145303209,-0.20934542213693805,-0.14402427852285163,0.30590174867927794,0.30590174867927794,0.30590174867927794,4.0,1.0
Devcoin,DVC,2013-07-14,-0.8412893878091616,-0.1965653767791663,-0.21718298217523704,0.49692928672566095,0.16425948050884762,0.16425948050884762,0.16425948050884762,4.0,0.0
Digitalcoin,DGC,2013-07-14,-0.7645447618131198,-0.19688863959258693,-0.21436130217369226,-0.1438151165364416,-0.021752654799307897,-0.021752654799307897,-0.021752654799307897,4.0,1.0
Freicoin,FRC,2013-07-14,-0.687800135817078,-0.19694000099494272,-0.21661623943601213,-0.14146381261841454,0.6045450851831974,0.6045450851831974,0.6045450851831974,4.0,0.0
WorldCoin,WDC,2013-07-14,-0.6110555098210361,-0.19757381518782963,-0.21666844635392868,-0.1429796750906882,0.16425948050884762,0.16425948050884762,0.16425948050884762,4.0,0.0
Primecoin,XPM,2013-07-14,-0.5343108838249943,-0.19758241878705451,-0.20934542213693805,-0.14434862852109145,0.16425948050884762,0.16425948050884762,0.16425948050884762,4.0,0.0
Yacoin,YAC,2013-07-14,-0.4575662578289525,-0.19764568637858704,-0.21605049716205074,-0.14386989763679717,0.16425948050884762,0.16425948050884762,0.16425948050884762,4.0,0.0
BBQCoin,BQC,2013-07-14,-0.3808216318329107,-0.1976746936231443,-0.21696311424640013,-0.14171854990427651,0.10623734655951468,0.10623734655951468,0.10623734655951468,4.0,0.0
Phoenixcoin,PXC,2013-07-14,-0.3040770058368688,-0.19777076017995704,-0.21608563643372536,-0.14402017212983054,-2.6993034832258767,-2.6993034832258767,-2.6993034832258767,4.0,0.0
Megacoin,MEC,2013-07-14,-0.227332379840827,-0.19781773556725768,-0.21693906894478282,-0.14284143451541972,-0.025165721502209838,-0.025165721502209838,-0.025165721502209838,4.0,0.0
Ixcoin,IXC,2013-07-14,-0.15058775384478518,-0.19785691095275637,-0.21700508057657156,-0.1425793955412359,0.14719414699433792,0.14719414699433792,0.14719414699433792,4.0,0.0
CHNCoin,CNC,2013-07-14,-0.07384312784874336,-0.19786534019952357,-0.21671593456964897,-0.14375151972934952,0.16425948050884762,0.16425948050884762,0.16425948050884762,4.0,1.0
Mincoin,MNC,2013-07-14,0.0029014981472984635,-0.19796497341279135,-0.2160449752765019,-0.14428795057187385,0.16425948050884762,0.16425948050884762,0.16425948050884762,4.0,1.0
Luckycoin,LKY,2013-07-14,0.07964612414334028,-0.19798976160391657,-0.21699162725541613,-0.14372028506587167,0.5704144181541779,0.5704144181541779,0.5704144181541779,4.0,0.0
Fastcoin,FST,2013-07-14,0.1563907501393821,-0.19799458817504131,-0.21709172398072923,-0.14303182496506017,-0.2538411905966395,-0.2538411905966395,-0.2538411905966395,4.0,1.0
Bytecoin,BTE,2013-07-14,0.23313537613542393,-0.19800579944768099,-0.21621966765568426,-0.1443225477891238,0.13695494688563215,0.13695494688563215,0.13695494688563215,4.0,1.0
Argentum,ARG,2013-07-14,0.30988000213146577,-0.19800769470698062,-0.21480957888234134,-0.14439560655280986,0.16425948050884762,0.16425948050884762,0.16425948050884762,4.0,1.0
Infinitecoin,IFC,2013-07-14,0.3866246281275076,-0.19800949415257016,-0.21718648355266462,6.748220349279779,-0.7709207960862828,-0.7709207960862828,-0.7709207960862828,4.0,0.0
BitBar,BTB,2013-07-14,0.4633692541235494,-0.19801269469557795,-0.02704790058496725,-0.14444316208720295,0.14719414699433792,0.14719414699433792,0.14719414699433792,4.0,0.0
Bitgem,BTG,2013-07-14,0.5401138801195913,-0.19803057708683167,-0.18272491389543727,-0.14444139204479747,0.28542334846186634,0.28542334846186634,0.28542334846186634,4.0,0.0
CraftCoin,CRC,2013-07-14,0.6168585061156331,-0.19803905593233173,-0.2116595941715094,-0.1444314617644837,0.16425948050884762,0.16425948050884762,0.16425948050884762,4.0,1.0
GoldCoin,GLC,2013-07-14,0.6936031321116749,-0.19804690054627938,-0.21716556163030953,-0.14176226178631812,-0.09854665561460145,-0.09854665561460145,-0.09854665561460145,4.0,0.0
Memecoin,MEM,2013-07-14,0.7703477581077167,-0.19805163295104866,-0.21716563692874882,-0.142089364042459,0.34685854911410113,0.34685854911410113,0.34685854911410113,4.0,1.0
Krugercoin,KGC,2013-07-14,0.8470923841037585,-0.19805289406784207,-0.21711039799367635,-0.14382284611671103,3.6626528509833314,3.6626528509833314,3.6626528509833314,4.0,1.0
Franko,FRK,2013-07-14,0.9238370100998003,-0.19805340301139251,-0.20767881668037041,-0.1444388343071816,-2.1344409438956062,-2.1344409438956062,-2.1344409438956062,4.0,1.0
AlphaCoin,ALF,2013-07-14,1.0005816360958422,-0.19805814115964165,-0.21714512061398683,-0.14349018007995537,-2.245365611739919,-2.245365611739919,-2.245365611739919,4.0,1.0
Nibble,NBL,2013-07-14,1.077326262091884,-0.19806069028518059,-0.21683380172663755,-0.14434259193897103,0.16425948050884762,0.16425948050884762,0.16425948050884762,4.0,1.0
Bottlecaps,CAP,2013-07-14,1.1540708880879258,-0.19806250789619467,-0.21635922076319206,-0.144403863326513,0.16425948050884762,0.16425948050884762,0.16425948050884762,4.0,1.0
StableCoin,SBC,2013-07-14,1.2308155140839676,-0.1980657953928158,-0.21711842982720195,-0.14403100046960582,0.11647654666822051,0.11647654666822051,0.11647654666822051,4.0,1.0
Hypercoin,HYC,2013-07-14,1.3075601400800094,-0.19806961471786047,-0.21685378091253255,-0.14437635036157215,0.5584686846940212,0.5584686846940212,0.5584686846940212,4.0,1.0
Elacoin,ELC,2013-07-14,1.3843047660760512,-0.19807087872865536,-0.2101887646571289,-0.14444078859730475,0.16425948050884762,0.16425948050884762,0.16425948050884762,4.0,0.0
Noirbits,NRB,2013-07-14,1.461049392072093,-0.19807519791453815,-0.21696070469634246,-0.14438115410388913,0.0738132128819463,0.0738132128819463,0.0738132128819463,4.0,0.0
Bitcoin,BTC,2013-07-21,-1.3785017697814543,4.426971168597515,4.338871067795721,-0.14293630431056853,0.03626947915002501,0.03626947915002501,0.03626947915002501,4.0,1.0
Litecoin,LTC,2013-07-21,-1.3017571437854125,0.056213664915715764,-0.07080633361177517,-0.1418641374725237,0.10453081320806372,0.10453081320806372,0.10453081320806372,4.0,0.0
Namecoin,NMC,2013-07-21,-1.2250125177893707,-0.18489320515408167,-0.192674347675308,-0.1436445724238736,-0.03540492161091564,-0.03540492161091564,-0.03540492161091564,4.0,0.0
Peercoin,PPC,2013-07-21,-1.1482678917933289,-0.1858239952326885,-0.21016868507331485,-0.14184887322736878,0.03626947915002501,0.03626947915002501,0.03626947915002501,4.0,1.0
Novacoin,NVC,2013-07-21,-1.071523265797287,-0.1927206135061138,-0.023835167174716353,-0.14440253013162677,0.0635740127732405,0.0635740127732405,0.0635740127732405,4.0,0.0
Primecoin,XPM,2013-07-21,-0.9947786398012453,-0.1928806092677177,-0.16479384554947443,-0.14429623355379415,-0.016633054744954995,-0.016633054744954995,-0.016633054744954995,4.0,0.0
Feathercoin,FTC,2013-07-21,-0.9180340138052034,-0.1941577039322924,-0.21313192965467595,-0.1430056243864713,0.03626947915002501,0.03626947915002501,0.03626947915002501,4.0,0.0
Terracoin,TRC,2013-07-21,-0.8412893878091616,-0.19591256097335033,-0.20967171537391666,-0.14401465918525508,0.04650867925873082,0.04650867925873082,0.04650867925873082,4.0,1.0
Devcoin,DVC,2013-07-21,-0.7645447618131198,-0.19695228941492865,-0.2171839028241549,0.5030731207726886,0.35368468251990504,0.35368468251990504,0.35368468251990504,4.0,0.0
Freicoin,FRC,2013-07-21,-0.687800135817078,-0.19699400221639116,-0.21664535483254255,-0.1414518935426867,0.04650867925873082,0.04650867925873082,0.04650867925873082,4.0,0.0
Digitalcoin,DGC,2013-07-21,-0.6110555098210361,-0.19732768014038612,-0.2155896707135179,-0.14373977173138094,-0.3067437244916195,-0.3067437244916195,-0.3067437244916195,4.0,1.0
Megacoin,MEC,2013-07-21,-0.5343108838249943,-0.19736599182227754,-0.21656804843485836,-0.1427182624797247,2.049978833862167,2.049978833862167,2.049978833862167,4.0,0.0
WorldCoin,WDC,2013-07-21,-0.4575662578289525,-0.1974356003045951,-0.21659415189381664,-0.14281632757017423,0.21374894770092567,0.21374894770092567,0.21374894770092567,4.0,0.0
Phoenixcoin,PXC,2013-07-21,-0.3808216318329107,-0.19752320573610135,-0.21533215005110246,-0.14399408244229117,-0.8579539970102821,-0.8579539970102821,-0.8579539970102821,4.0,0.0
Yacoin,YAC,2013-07-21,-0.3040770058368688,-0.19772125236327978,-0.21629797803255915,-0.1438362345646947,-0.37500505854965827,-0.37500505854965827,-0.37500505854965827,4.0,0.0
BBQCoin,BQC,2013-07-21,-0.227332379840827,-0.1977377916261908,-0.21700106465980873,-0.14166559244805704,0.04650867925873082,0.04650867925873082,0.04650867925873082,4.0,0.0
CHNCoin,CNC,2013-07-21,-0.15058775384478518,-0.19780860655093557,-0.21659415189381664,-0.14375149655022276,0.04650867925873082,0.04650867925873082,0.04650867925873082,4.0,1.0
Fastcoin,FST,2013-07-21,-0.07384312784874336,-0.1978357689363418,-0.2169589477327587,-0.14281936508937368,-0.16680798967264016,-0.16680798967264016,-0.16680798967264016,4.0,1.0
Ixcoin,IXC,2013-07-21,0.0029014981472984635,-0.19783653816193192,-0.21699052287830634,-0.1425635283753866,0.05504134601598565,0.05504134601598565,0.05504134601598565,4.0,0.0
Mincoin,MNC,2013-07-21,0.07964612414334028,-0.1978767599293151,-0.21523376009041353,-0.14428558195486024,0.03626947915002501,0.03626947915002501,0.03626947915002501,4.0,1.0
Franko,FRK,2013-07-21,0.1563907501393821,-0.1978845748018323,-0.16342843385011782,-0.14443819661779714,0.0789328129362992,0.0789328129362992,0.0789328129362992,4.0,1.0
Argentum,ARG,2013-07-21,0.23313537613542393,-0.19794250772462857,-0.21297229696335412,-0.14439361815249452,0.5396968178280606,0.5396968178280606,0.5396968178280606,4.0,1.0
Bottlecaps,CAP,2013-07-21,0.30988000213146577,-0.19797569568822918,-0.21413791680376074,-0.14439062936214106,-1.3221310686049454,-1.3221310686049454,-1.3221310686049454,4.0,1.0
Luckycoin,LKY,2013-07-21,0.3866246281275076,-0.1979760506709015,-0.21696783294859648,-0.14370590241773035,0.05504134601598565,0.05504134601598565,0.05504134601598565,4.0,0.0
Infinitecoin,IFC,2013-07-21,0.4633692541235494,-0.1979809705624428,-0.21718647953674783,7.43535661008988,0.0021388121210056538,0.0021388121210056538,0.0021388121210056538,4.0,0.0
BitBar,BTB,2013-07-21,0.5401138801195913,-0.19798616351415332,0.03293483616360767,-0.14444313956657415,0.05504134601598565,0.05504134601598565,0.05504134601598565,4.0,0.0
Anoncoin,ANC,2013-07-21,0.6168585061156331,-0.19799184813445167,-0.2136555048026278,-0.14440467077666091,-0.05588332182832726,-0.05588332182832726,-0.05588332182832726,4.0,1.0
GoldCoin,GLC,2013-07-21,0.6936031321116749,-0.19801349027884296,-0.2171500551717091,-0.14154199423250902,0.07040014617904437,0.07040014617904437,0.07040014617904437,4.0,0.0
Bitgem,BTG,2013-07-21,0.7703477581077167,-0.19801970160740842,-0.1761839894680046,-0.14444137031436616,-0.22653665697342404,-0.22653665697342404,-0.22653665697342404,4.0,0.0
Bytecoin,BTE,2013-07-21,0.8470923841037585,-0.1980230021047746,-0.2164315072649227,-0.14432237657966493,-0.06100292188268017,-0.06100292188268017,-0.06100292188268017,4.0,1.0
CraftCoin,CRC,2013-07-21,0.9238370100998003,-0.19802464883613283,-0.209917690275639,-0.144431451228517,0.05504134601598565,0.05504134601598565,0.05504134601598565,4.0,1.0
Krugercoin,KGC,2013-07-21,1.0005816360958422,-0.1980388429783468,-0.21709995661009301,-0.14365688778364893,-0.8289429300356157,-0.8289429300356157,-0.8289429300356157,4.0,1.0
Noirbits,NRB,2013-07-21,1.077326262091884,-0.19804517554331222,-0.21638231228457822,-0.14437069979093167,-1.0098354652894184,-1.0098354652894184,-1.0098354652894184,4.0,0.0
AlphaCoin,ALF,2013-07-21,1.1540708880879258,-0.19804519370873683,-0.21713253573483135,-0.1433568013265203,0.12671574677692632,0.12671574677692632,0.12671574677692632,4.0,1.0
StableCoin,SBC,2013-07-21,1.2308155140839676,-0.1980537895164193,-0.21708625229413991,-0.1439856135005586,7.306101556331148,7.306101556331148,7.306101556331148,4.0,1.0
Memecoin,MEM,2013-07-21,1.3075601400800094,-0.19805417695643115,-0.21716915587581226,-0.1418294417439851,-0.0029807879333472545,-0.0029807879333472545,-0.0029807879333472545,4.0,1.0
NanoToken,NAN,2013-07-21,1.3843047660760512,-0.19805683957135076,-0.21672863490641134,-0.14435333296192232,0.04138907920437791,0.04138907920437791,0.04138907920437791,4.0,0.0
Nibble,NBL,2013-07-21,1.461049392072093,-0.19806085911677387,-0.21683997619866036,-0.14434151200238435,0.06528054612469146,0.06528054612469146,0.06528054612469146,4.0,1.0
EZCoin,EZC,2013-07-21,1.5377940180681349,-0.19807275083594328,-0.21715940221797456,-0.1437883005256979,1.6455304295682878,1.6455304295682878,1.6455304295682878,4.0,0.0
Hypercoin,HYC,2013-07-21,1.6145386440641767,-0.19807396230948077,-0.2169496107262852,-0.14437634706908253,-2.8426522847477584,-2.8426522847477584,-2.8426522847477584,4.0,1.0
Elacoin,ELC,2013-07-21,1.6912832700602185,-0.1980740454341075,-0.21183027063392898,-0.14444076713027262,0.05504134601598565,0.05504134601598565,0.05504134601598565,4.0,0.0
Doubloons,DBL,2013-07-21,1.7680278960562603,-0.19808006344337498,-0.2170572372955286,-0.14439031999981886,0.01408454558116242,0.01408454558116242,0.01408454558116242,4.0,1.0
Bitcoin,BTC,2013-07-28,-1.3785017697814543,4.898040944293815,4.790661703612254,-0.14293260025977575,-0.05758985517977823,-0.05758985517977823,-0.05758985517977823,4.0,1.0
Litecoin,LTC,2013-07-28,-1.3017571437854125,0.06501028967522737,-0.06770403791250167,-0.14183025433041677,-0.09684012226315049,-0.09684012226315049,-0.09684012226315049,4.0,0.0
Namecoin,NMC,2013-07-28,-1.2250125177893707,-0.18136392156690256,-0.1863894379415047,-0.1436375264961434,-0.05247025512542532,-0.05247025512542532,-0.05247025512542532,4.0,0.0
Peercoin,PPC,2013-07-28,-1.1482678917933289,-0.18596943438952532,-0.21027410288833873,-0.1418405024018261,-0.05247025512542532,-0.05247025512542532,-0.05247025512542532,4.0,1.0
Novacoin,NVC,2013-07-28,-1.071523265797287,-0.18928685881479787,0.08452430687790216,-0.1444004253088794,0.0738132128819463,0.0738132128819463,0.0738132128819463,4.0,0.0
Feathercoin,FTC,2013-07-28,-0.9947786398012453,-0.19357071811143153,-0.21277852897954835,-0.14292305533244404,-0.05247025512542532,-0.05247025512542532,-0.05247025512542532,4.0,0.0
Primecoin,XPM,2013-07-28,-0.9180340138052034,-0.19405815820691516,-0.18088261208049652,-0.14427903898784034,-0.05247025512542532,-0.05247025512542532,-0.05247025512542532,4.0,0.0
Terracoin,TRC,2013-07-28,-0.8412893878091616,-0.19603116984258012,-0.21057529664554972,-0.14398265882039735,-0.05247025512542532,-0.05247025512542532,-0.05247025512542532,4.0,1.0
Devcoin,DVC,2013-07-28,-0.7645447618131198,-0.19689465493046837,-0.21718379539838148,0.5090390739867371,-0.05247025512542532,-0.05247025512542532,-0.05247025512542532,4.0,0.0
Freicoin,FRC,2013-07-28,-0.687800135817078,-0.19715580241017167,-0.2167307934616714,-0.14141686540439874,-0.05247025512542532,-0.05247025512542532,-0.05247025512542532,4.0,0.0
Digitalcoin,DGC,2013-07-28,-0.6110555098210361,-0.19729431372820272,-0.215684044757444,-0.14366250990717933,-0.14632958945522856,-0.14632958945522856,-0.14632958945522856,4.0,1.0
Megacoin,MEC,2013-07-28,-0.5343108838249943,-0.19740215406249428,-0.21668581519392788,-0.1424193702744214,0.16084641380594566,0.16084641380594566,0.16084641380594566,4.0,0.0
WorldCoin,WDC,2013-07-28,-0.4575662578289525,-0.19760057192327632,-0.21678581152132192,-0.14264968229208336,-0.5541910604520098,-0.5541910604520098,-0.5541910604520098,4.0,0.0
Phoenixcoin,PXC,2013-07-28,-0.3808216318329107,-0.19766556692202333,-0.21582359786495178,-0.1439870233446026,-0.7640946626804789,-0.7640946626804789,-0.7640946626804789,4.0,0.0
Yacoin,YAC,2013-07-28,-0.3040770058368688,-0.1977102014183214,-0.2163200655747546,-0.1438018085569036,-0.716311728839852,-0.716311728839852,-0.716311728839852,4.0,0.0
Fastcoin,FST,2013-07-28,-0.227332379840827,-0.1977627798596021,-0.21692611761322272,-0.14260794195281037,-0.6258654612129505,-0.6258654612129505,-0.6258654612129505,4.0,1.0
BBQCoin,BQC,2013-07-28,-0.15058775384478518,-0.19779632886101658,-0.2170352501512522,-0.14161218141847118,-0.05247025512542532,-0.05247025512542532,-0.05247025512542532,4.0,0.0
Ixcoin,IXC,2013-07-28,-0.07384312784874336,-0.1978318701375645,-0.21698841452200587,-0.14254853358758005,-0.05758985517977823,-0.05758985517977823,-0.05758985517977823,4.0,0.0
Infinitecoin,IFC,2013-07-28,0.0029014981472984635,-0.19787065621308114,-0.21718646096313282,8.034490543170243,0.8827100214697051,0.8827100214697051,0.8827100214697051,4.0,0.0
Franko,FRK,2013-07-28,0.07964612414334028,-0.1978787231753877,-0.16460810939919432,-0.14443790740551124,2.7906143083918873,2.7906143083918873,2.7906143083918873,4.0,1.0
CHNCoin,CNC,2013-07-28,0.1563907501393821,-0.19794697815548037,-0.21689102854050762,-0.14375149655022276,-0.05247025512542532,-0.05247025512542532,-0.05247025512542532,4.0,1.0
Mincoin,MNC,2013-07-28,0.23313537613542393,-0.19794934188683297,-0.2159345375655245,-0.14428317527666693,-0.05247025512542532,-0.05247025512542532,-0.05247025512542532,4.0,1.0
Anoncoin,ANC,2013-07-28,0.30988000213146577,-0.1979559002729591,-0.21273585986394347,-0.14440074994835334,-0.05247025512542532,-0.05247025512542532,-0.05247025512542532,4.0,1.0
Luckycoin,LKY,2013-07-28,0.3866246281275076,-0.1979653360089137,-0.21695212067426195,-0.1436873591163394,-0.4825166596910692,-0.4825166596910692,-0.4825166596910692,4.0,0.0
GoldCoin,GLC,2013-07-28,0.4633692541235494,-0.19798357280403944,-0.21713825841621834,-0.1413306822503944,-0.001274254581896285,-0.001274254581896285,-0.001274254581896285,4.0,0.0
Bottlecaps,CAP,2013-07-28,0.5401138801195913,-0.1979843130450918,-0.21492252654129548,-0.14437787465255436,-0.05247025512542532,-0.05247025512542532,-0.05247025512542532,4.0,1.0
BitBar,BTB,2013-07-28,0.6168585061156331,-0.19800309907717303,-0.01688261127909527,-0.1444431195482374,-0.05247025512542532,-0.05247025512542532,-0.05247025512542532,4.0,0.0
Bytecoin,BTE,2013-07-28,0.6936031321116749,-0.19800478147153394,-0.2162101298533726,-0.14432217903028932,-0.05247025512542532,-0.05247025512542532,-0.05247025512542532,4.0,1.0
Argentum,ARG,2013-07-28,0.7703477581077167,-0.19800863280868716,-0.21498326728233302,-0.14439245445497256,-0.05247025512542532,-0.05247025512542532,-0.05247025512542532,4.0,1.0
Krugercoin,KGC,2013-07-28,0.8470923841037585,-0.19801499342320528,-0.2170772666803831,-0.14349584342545546,-0.05247025512542532,-0.05247025512542532,-0.05247025512542532,4.0,1.0
Bitgem,BTG,2013-07-28,0.9238370100998003,-0.19801974737715472,-0.17712271001131227,-0.14444131671263558,-0.05247025512542532,-0.05247025512542532,-0.05247025512542532,4.0,0.0
AlphaCoin,ALF,2013-07-28,1.0005816360958422,-0.1980201176757733,-0.2171046251133298,-0.14327223702379932,-0.05247025512542532,-0.05247025512542532,-0.05247025512542532,4.0,1.0
CraftCoin,CRC,2013-07-28,1.077326262091884,-0.19803328431389694,-0.21096684852992406,-0.14443144859452534,-0.05247025512542532,-0.05247025512542532,-0.05247025512542532,4.0,1.0
XenCoin,XNC,2013-07-28,1.1540708880879258,-0.1980489768365016,-0.21718381146204857,-0.12470432124407357,-0.04905718842252339,-0.04905718842252339,-0.04905718842252339,4.0,0.0
StableCoin,SBC,2013-07-28,1.2308155140839676,-0.19805957017304326,-0.21711135177390753,-0.14394704198497008,-0.07977478874864082,-0.07977478874864082,-0.07977478874864082,4.0,1.0
CasinoCoin,CSC,2013-07-28,1.3075601400800094,-0.19805960619223079,-0.21697611577691978,-0.1442665162012206,-2.743673350363602,-2.743673350363602,-2.743673350363602,4.0,0.0
Memecoin,MEM,2013-07-28,1.3843047660760512,-0.19806162433528507,-0.21717443680635537,-0.14160118002544284,-0.20605825675601241,-0.20605825675601241,-0.20605825675601241,4.0,1.0
Noirbits,NRB,2013-07-28,1.461049392072093,-0.19806203791035634,-0.21674670653184402,-0.144367164974104,-0.6053870609955389,-0.6053870609955389,-0.6053870609955389,4.0,0.0
Elacoin,ELC,2013-07-28,1.5377940180681349,-0.19806473516424733,-0.20717180718906517,-0.14444076265248676,-0.05247025512542532,-0.05247025512542532,-0.05247025512542532,4.0,0.0
Nibble,NBL,2013-07-28,1.6145386440641767,-0.19807200623162718,-0.21703374418246613,-0.14432019642475566,-0.04223105501671952,-0.04223105501671952,-0.04223105501671952,4.0,1.0
Hypercoin,HYC,2013-07-28,1.6912832700602185,-0.1980721763543904,-0.21691050573680729,-0.1443762746343115,-0.05247025512542532,-0.05247025512542532,-0.05247025512542532,4.0,1.0
Doubloons,DBL,2013-07-28,1.7680278960562603,-0.19807260898534826,-0.2168782780047857,-0.14438541524392112,4.671214061690853,4.671214061690853,4.671214061690853,4.0,1.0
NanoToken,NAN,2013-07-28,1.8447725220523021,-0.19807274340058567,-0.21699167745437567,-0.14435249008458637,-0.05247025512542532,-0.05247025512542532,-0.05247025512542532,4.0,0.0
Spots,SPT,2013-07-28,1.921517148048344,-0.19807540935473772,-0.21668576499496833,-0.1444161368058207,5.884559274572492,5.884559274572492,5.884559274572492,4.0,1.0
Junkcoin,JKC,2013-07-28,1.9982617740443858,-0.19807685809187245,-0.2171730914742398,-0.1435737895606942,-3.8785180290784957,-3.8785180290784957,-3.8785180290784957,4.0,0.0
EZCoin,EZC,2013-07-28,2.0750064000404276,-0.19807827677591502,-0.2171732320313265,-0.14372343703200938,-0.04905718842252339,-0.04905718842252339,-0.04905718842252339,4.0,0.0
Lebowskis,LBW,2013-07-28,2.1517510260364694,-0.19808065613487555,-0.2169661763829318,-0.1444163903275194,-3.4791892248389695,-3.4791892248389695,-3.4791892248389695,4.0,0.0
Bitcoin,BTC,2013-08-04,-1.3785017697814543,5.18828811667434,5.06073210591147,-0.14292837599562722,-0.05417678847687629,-0.05417678847687629,-0.05417678847687629,4.0,1.0
Litecoin,LTC,2013-08-04,-1.3017571437854125,0.07033731076773445,-0.06612779058309731,-0.14180517872967224,0.007258412175358553,0.007258412175358553,0.007258412175358553,4.0,0.0
XRP,XRP,2013-08-04,-1.2250125177893707,0.006648275373956279,-0.2168912293363458,0.8851691067738751,-0.05417678847687629,-0.05417678847687629,-0.05417678847687629,4.0,1.0
Namecoin,NMC,2013-08-04,-1.1482678917933289,-0.18096865216797897,-0.18599286616117686,-0.14362895943822096,-0.04564412171962145,-0.04564412171962145,-0.04564412171962145,4.0,0.0
Peercoin,PPC,2013-08-04,-1.071523265797287,-0.18386320603377604,-0.20910948702712276,-0.14182873293682538,-0.04564412171962145,-0.04564412171962145,-0.04564412171962145,4.0,1.0
Feathercoin,FTC,2013-08-04,-0.9947786398012453,-0.18888599985239335,-0.20884845243753986,-0.14280582953295495,-0.8767258638762429,-0.8767258638762429,-0.8767258638762429,4.0,0.0
Novacoin,NVC,2013-08-04,-0.9180340138052034,-0.18982128213364766,0.05674922256709245,-0.14439893170390017,-0.11049238907475824,-0.11049238907475824,-0.11049238907475824,4.0,0.0
Primecoin,XPM,2013-08-04,-0.8412893878091616,-0.1941222306870405,-0.18462243456586672,-0.144263050658374,-0.0592963885312292,-0.0592963885312292,-0.0592963885312292,4.0,0.0
Terracoin,TRC,2013-08-04,-0.7645447618131198,-0.1954293709638991,-0.20868781576702733,-0.1439797324556466,-0.5763759940208725,-0.5763759940208725,-0.5763759940208725,4.0,1.0
Devcoin,DVC,2013-08-04,-0.687800135817078,-0.19665400561863774,-0.21718327985506705,0.5153935599375656,-0.04564412171962145,-0.04564412171962145,-0.04564412171962145,4.0,0.0
Digitalcoin,DGC,2013-08-04,-0.6110555098210361,-0.1970731421593272,-0.2154149783343355,-0.14359583686121016,-0.07124212199138596,-0.07124212199138596,-0.07124212199138596,4.0,1.0
Freicoin,FRC,2013-08-04,-0.5343108838249943,-0.19737691240360056,-0.21684343992686833,-0.14138025792470255,-0.05417678847687629,-0.05417678847687629,-0.05417678847687629,4.0,0.0
WorldCoin,WDC,2013-08-04,-0.4575662578289525,-0.19753633439602114,-0.21676317179057156,-0.14252009451116632,-0.0592963885312292,-0.0592963885312292,-0.0592963885312292,4.0,0.0
Megacoin,MEC,2013-08-04,-0.3808216318329107,-0.19756753150922746,-0.21681698507519326,-0.14236547221977486,0.46119628366131604,0.46119628366131604,0.46119628366131604,4.0,0.0
Yacoin,YAC,2013-08-04,-0.3040770058368688,-0.19760955414693937,-0.21615189906031182,-0.14376170300456365,0.01408454558116242,0.01408454558116242,0.01408454558116242,4.0,0.0
Mincoin,MNC,2013-08-04,-0.227332379840827,-0.1976799873751521,-0.21349185619454314,-0.14428106571273455,-3.4331128243497933,-3.4331128243497933,-3.4331128243497933,4.0,1.0
Phoenixcoin,PXC,2013-08-04,-0.15058775384478518,-0.19772530494484275,-0.21601937380713895,-0.1439864109415382,-0.06782905528848404,-0.06782905528848404,-0.06782905528848404,4.0,0.0
Fastcoin,FST,2013-08-04,-0.07384312784874336,-0.1978026973116002,-0.21698193885622583,-0.1423967885369946,-0.16680798967264016,-0.16680798967264016,-0.16680798967264016,4.0,1.0
BBQCoin,BQC,2013-08-04,0.0029014981472984635,-0.19780284802229203,-0.21704137442431548,-0.14156020301695724,-0.0592963885312292,-0.0592963885312292,-0.0592963885312292,4.0,0.0
Bullion,CBX,2013-08-04,0.07964612414334028,-0.19781040804458766,-0.21155417635648557,-0.14437137725359045,1.0789613568865664,1.0789613568865664,1.0789613568865664,4.0,1.0
Ixcoin,IXC,2013-08-04,0.1563907501393821,-0.19783599800768875,-0.21699378581067613,-0.14252724250607393,-0.05417678847687629,-0.05417678847687629,-0.05417678847687629,4.0,0.0
Infinitecoin,IFC,2013-08-04,0.23313537613542393,-0.19784096353540706,-0.2171864589551744,8.809974374266885,-0.6207458611585976,-0.6207458611585976,-0.6207458611585976,4.0,0.0
GoldCoin,GLC,2013-08-04,0.30988000213146577,-0.19784148258570106,-0.21707872245020965,-0.14109296845272698,0.25299921478429793,0.25299921478429793,0.25299921478429793,4.0,0.0
CHNCoin,CNC,2013-08-04,0.3866246281275076,-0.19786080164832953,-0.21670619597149915,-0.14375149655022276,-0.05417678847687629,-0.05417678847687629,-0.05417678847687629,4.0,1.0
Anoncoin,ANC,2013-08-04,0.4633692541235494,-0.19794604695485427,-0.21243617207551846,-0.14440037934572467,-0.0592963885312292,-0.0592963885312292,-0.0592963885312292,4.0,1.0
Luckycoin,LKY,2013-08-04,0.5401138801195913,-0.19795225632440336,-0.2169305351216618,-0.14367539868694226,-0.0592963885312292,-0.0592963885312292,-0.0592963885312292,4.0,0.0
Franko,FRK,2013-08-04,0.6168585061156331,-0.19796059697020257,-0.18604808501666556,-0.1444378063919305,-0.0592963885312292,-0.0592963885312292,-0.0592963885312292,4.0,1.0
Bottlecaps,CAP,2013-08-04,0.6936031321116749,-0.198008754891026,-0.21576135115512818,-0.14436457984297474,-1.1685430669743584,-1.1685430669743584,-1.1685430669743584,4.0,1.0
Argentum,ARG,2013-08-04,0.7703477581077167,-0.1980096603573006,-0.2150219204811751,-0.14439224004805024,0.07210667953049532,0.07210667953049532,0.07210667953049532,4.0,1.0
Bytecoin,BTE,2013-08-04,0.8470923841037585,-0.19801106256779633,-0.21628944420943816,-0.14432184319635077,-0.0592963885312292,-0.0592963885312292,-0.0592963885312292,4.0,1.0
BitBar,BTB,2013-08-04,0.9238370100998003,-0.19801314322128233,-0.0482870803642978,-0.144443095315514,-0.0592963885312292,-0.0592963885312292,-0.0592963885312292,4.0,0.0
CasinoCoin,CSC,2013-08-04,1.0005816360958422,-0.19802135074301402,-0.21682210536906585,-0.14418553412717744,-2.975761886160934,-2.975761886160934,-2.975761886160934,4.0,0.0
Bitgem,BTG,2013-08-04,1.077326262091884,-0.19802328451479476,-0.17971297632332706,-0.144441290636118,-0.0592963885312292,-0.0592963885312292,-0.0592963885312292,4.0,0.0
CraftCoin,CRC,2013-08-04,1.1540708880879258,-0.19802829274016545,-0.21036948091145555,-0.14443143937555447,-0.0592963885312292,-0.0592963885312292,-0.0592963885312292,4.0,1.0
Krugercoin,KGC,2013-08-04,1.2308155140839676,-0.19803188548715675,-0.21711541788962985,-0.14334040420154603,-0.0592963885312292,-0.0592963885312292,-0.0592963885312292,4.0,1.0
AlphaCoin,ALF,2013-08-04,1.3075601400800094,-0.19803570347650845,-0.21712681305344433,-0.1432246605491724,0.3110213487336308,0.3110213487336308,0.3110213487336308,4.0,1.0
Emerald,EMD,2013-08-04,1.3843047660760512,-0.19805111016081428,-0.21691020454305007,-0.14426314666737056,-0.04223105501671952,-0.04223105501671952,-0.04223105501671952,4.0,0.0
GlobalCoin,GLC,2013-08-04,1.461049392072093,-0.19805488420586678,-0.21716232379741954,-0.1426115199671015,0.47826161717582566,0.47826161717582566,0.47826161717582566,4.0,0.0
Memecoin,MEM,2013-08-04,1.5377940180681349,-0.19805868750259562,-0.2171741707518698,-0.14130913619849417,-0.07124212199138596,-0.07124212199138596,-0.07124212199138596,4.0,1.0
StableCoin,SBC,2013-08-04,1.6145386440641767,-0.1980600529815343,-0.21711632147090149,-0.14392211783874684,-0.0592963885312292,-0.0592963885312292,-0.0592963885312292,4.0,1.0
XenCoin,XNC,2013-08-04,1.6912832700602185,-0.19806426201726893,-0.2171850177430462,-0.12395476517956568,-2.619096415707681,-2.619096415707681,-2.619096415707681,4.0,0.0
Noirbits,NRB,2013-08-04,1.7680278960562603,-0.1980649606292232,-0.21681091100108948,-0.14436563725893262,-0.0592963885312292,-0.0592963885312292,-0.0592963885312292,4.0,0.0
Nibble,NBL,2013-08-04,1.8447725220523021,-0.19806666684344237,-0.21697004170281603,-0.14431993302558818,-0.0592963885312292,-0.0592963885312292,-0.0592963885312292,4.0,1.0
Spots,SPT,2013-08-04,1.921517148048344,-0.1980725138394846,-0.21674289141091937,-0.14440289467607456,0.8042094873029606,0.8042094873029606,0.8042094873029606,4.0,1.0
Elacoin,ELC,2013-08-04,1.9982617740443858,-0.19807289869715675,-0.2112730621830886,-0.14444075712110424,-0.0592963885312292,-0.0592963885312292,-0.0592963885312292,4.0,0.0
Doubloons,DBL,2013-08-04,2.0750064000404276,-0.19807320034115586,-0.2169291797497544,-0.144377300837468,-0.07124212199138596,-0.07124212199138596,-0.07124212199138596,4.0,1.0
Lebowskis,LBW,2013-08-04,2.1517510260364694,-0.19807321895181146,-0.21686979438062426,-0.14438983495025193,0.08405241299065211,0.08405241299065211,0.08405241299065211,4.0,0.0
Hypercoin,HYC,2013-08-04,2.228495652032511,-0.1980736187247219,-0.21694228167819307,-0.1443762746343115,-0.0592963885312292,-0.0592963885312292,-0.0592963885312292,4.0,1.0
Junkcoin,JKC,2013-08-04,2.305240278028553,-0.1980764202517119,-0.21717235354953465,-0.14357340104692215,-0.07124212199138596,-0.07124212199138596,-0.07124212199138596,4.0,0.0
EZCoin,EZC,2013-08-04,2.381984904024595,-0.19807767580311791,-0.2171732972899739,-0.14365243120143467,-0.07124212199138596,-0.07124212199138596,-0.07124212199138596,4.0,0.0
Bitcoin,BTC,2013-08-11,-1.3785017697814543,5.197176623309066,5.053704251576546,-0.14292379943509217,-0.026872254853660807,-0.026872254853660807,-0.026872254853660807,4.0,1.0
Litecoin,LTC,2013-08-11,-1.3017571437854125,0.0447166204056935,-0.08193544294072241,-0.14177806837035886,-0.016633054744954995,-0.016633054744954995,-0.016633054744954995,4.0,0.0
XRP,XRP,2013-08-11,-1.2250125177893707,-0.044397579442748664,-0.2169648712099839,0.8851691067738751,-0.025165721502209838,-0.025165721502209838,-0.025165721502209838,4.0,1.0
Namecoin,NMC,2013-08-11,-1.1482678917933289,-0.17928494317349628,-0.18340259984916207,-0.143617488404477,-0.14291652275232664,-0.14291652275232664,-0.14291652275232664,4.0,0.0
Peercoin,PPC,2013-08-11,-1.071523265797287,-0.1840178805726197,-0.20922996453000717,-0.14181933037674369,-0.001274254581896285,-0.001274254581896285,-0.001274254581896285,4.0,1.0
Feathercoin,FTC,2013-08-11,-0.9947786398012453,-0.189172390638345,-0.20954119807912522,-0.14271218454393497,-0.020046121447856936,-0.020046121447856936,-0.020046121447856936,4.0,0.0
Novacoin,NVC,2013-08-11,-0.9180340138052034,-0.19007097671385023,0.04113734615165451,-0.14439766080291708,0.01579107893261339,0.01579107893261339,0.01579107893261339,4.0,0.0
Primecoin,XPM,2013-08-11,-0.8412893878091616,-0.19206619567013153,-0.17285077855486927,-0.144242142690957,-0.031991854908013706,-0.031991854908013706,-0.031991854908013706,4.0,0.0
Terracoin,TRC,2013-08-11,-0.7645447618131198,-0.1951651762787427,-0.2081205675242799,-0.14396554050850252,-0.21971052356762016,-0.21971052356762016,-0.21971052356762016,4.0,1.0
Devcoin,DVC,2013-08-11,-0.687800135817078,-0.19680812571132328,-0.21718365333532602,0.5215439347127203,-0.17704718978134598,-0.17704718978134598,-0.17704718978134598,4.0,0.0
Digitalcoin,DGC,2013-08-11,-0.6110555098210361,-0.19714019813235023,-0.2156308338603367,-0.1435420823591099,-0.013219988042053061,-0.013219988042053061,-0.013219988042053061,4.0,1.0
Freicoin,FRC,2013-08-11,-0.5343108838249943,-0.19738017924150353,-0.21685438330004697,-0.14129379003619819,-0.020046121447856936,-0.020046121447856936,-0.020046121447856936,4.0,0.0
WorldCoin,WDC,2013-08-11,-0.4575662578289525,-0.19751934981306893,-0.21677537013773862,-0.14240178943358847,0.1762052139690044,0.1762052139690044,0.1762052139690044,4.0,0.0
Yacoin,YAC,2013-08-11,-0.3808216318329107,-0.197568541649309,-0.2161323214660931,-0.14371666016652873,-0.9825309316662029,-0.9825309316662029,-0.9825309316662029,4.0,0.0
Megacoin,MEC,2013-08-11,-0.3040770058368688,-0.1976684933808306,-0.21688912098004529,-0.14236547221977486,-0.6258654612129505,-0.6258654612129505,-0.6258654612129505,4.0,0.0
Mincoin,MNC,2013-08-11,-0.227332379840827,-0.19769482572209282,-0.21367006250089296,-0.14427909127257507,0.7052305529188045,0.7052305529188045,0.7052305529188045,4.0,1.0
Ixcoin,IXC,2013-08-11,-0.15058775384478518,-0.19770616419722775,-0.21689614883438021,-0.14250793640069395,0.1915640141320631,0.1915640141320631,0.1915640141320631,4.0,0.0
Infinitecoin,IFC,2013-08-11,-0.07384312784874336,-0.1977285045083423,-0.21718644289150738,9.154319300424747,0.15572681375159275,0.15572681375159275,0.15572681375159275,4.0,0.0
Bullion,CBX,2013-08-11,0.0029014981472984635,-0.19774712527067823,-0.21075601289987636,-0.1443657710657097,0.8622316212522936,0.8622316212522936,0.8622316212522936,4.0,1.0
Phoenixcoin,PXC,2013-08-11,0.07964612414334028,-0.19776494599743913,-0.21614838513314436,-0.1439863582617047,2.128479368028912,2.128479368028912,2.128479368028912,4.0,0.0
GoldCoin,GLC,2013-08-11,0.1563907501393821,-0.19785030065269624,-0.21708349135136548,-0.14106409463598732,-1.6122417383516099,-1.6122417383516099,-1.6122417383516099,4.0,0.0
BBQCoin,BQC,2013-08-11,0.23313537613542393,-0.19787529988331312,-0.21708057981171244,-0.1415086726574272,-3.898996429295907,-3.898996429295907,-3.898996429295907,4.0,0.0
Fastcoin,FST,2013-08-11,0.30988000213146577,-0.1979042714648677,-0.2170678292759905,-0.14218549183203172,0.20862934764657276,0.20862934764657276,0.20862934764657276,4.0,1.0
CHNCoin,CNC,2013-08-11,0.3866246281275076,-0.1979176033727367,-0.21682807904525056,-0.14375141542327918,-0.020046121447856936,-0.020046121447856936,-0.020046121447856936,4.0,1.0
Luckycoin,LKY,2013-08-11,0.4633692541235494,-0.19796647989638613,-0.21696165847657364,-0.1436629514958836,0.032856412447123076,0.032856412447123076,0.032856412447123076,4.0,0.0
Franko,FRK,2013-08-11,0.5401138801195913,-0.19799050660894058,-0.19373354572150012,-0.14443776056047536,-0.014926521393504031,-0.014926521393504031,-0.014926521393504031,4.0,1.0
Bytecoin,BTE,2013-08-11,0.6168585061156331,-0.1980075280124961,-0.2162482810626193,-0.14432154028730815,-0.014926521393504031,-0.014926521393504031,-0.014926521393504031,4.0,1.0
BitBar,BTB,2013-08-11,0.6936031321116749,-0.198015360204499,-0.059059777080545335,-0.14444307332168352,-0.020046121447856936,-0.020046121447856936,-0.020046121447856936,4.0,0.0
Anoncoin,ANC,2013-08-11,0.7703477581077167,-0.19801807085984294,-0.21518356113087836,-0.1443943197161771,-0.014926521393504031,-0.014926521393504031,-0.014926521393504031,4.0,1.0
Bottlecaps,CAP,2013-08-11,0.8470923841037585,-0.19801925161244174,-0.2161323214660931,-0.14435150931778623,0.7871441537884509,0.7871441537884509,0.7871441537884509,4.0,1.0
Argentum,ARG,2013-08-11,0.9238370100998003,-0.19802951080312167,-0.21559971050542492,-0.14439206172681385,-0.014926521393504031,-0.014926521393504031,-0.014926521393504031,4.0,1.0
CraftCoin,CRC,2013-08-11,1.0005816360958422,-0.19803481840181344,-0.2111576045761577,-0.1444314367415628,-0.813584129872557,-0.813584129872557,-0.813584129872557,4.0,1.0
Bitgem,BTG,2013-08-11,1.077326262091884,-0.19803623721942526,-0.18761429255416284,-0.144441290636118,-0.014926521393504031,-0.014926521393504031,-0.014926521393504031,4.0,0.0
AlphaCoin,ALF,2013-08-11,1.1540708880879258,-0.19803719597984998,-0.21713379070881972,-0.14310512342198867,0.5908928183715896,0.5908928183715896,0.5908928183715896,4.0,1.0
Krugercoin,KGC,2013-08-11,1.2308155140839676,-0.19804282659362865,-0.21713625045783697,-0.14320555225656723,-0.014926521393504031,-0.014926521393504031,-0.014926521393504031,4.0,1.0
Lebowskis,LBW,2013-08-11,1.3075601400800094,-0.19804318705264223,-0.216420463493825,-0.14436322478595762,-0.014926521393504031,-0.014926521393504031,-0.014926521393504031,4.0,0.0
CasinoCoin,CSC,2013-08-11,1.3843047660760512,-0.1980505729005726,-0.21699855471183196,-0.14417402358355835,1.363952426578878,1.363952426578878,1.363952426578878,4.0,0.0
Emerald,EMD,2013-08-11,1.461049392072093,-0.198055116082169,-0.21696462021518623,-0.14424568066857466,-0.22312359027052212,-0.22312359027052212,-0.22312359027052212,4.0,0.0
Spots,SPT,2013-08-11,1.5377940180681349,-0.1980551587798214,-0.21650580172503475,-0.14437924985960782,-0.014926521393504031,-0.014926521393504031,-0.014926521393504031,4.0,1.0
Memecoin,MEM,2013-08-11,1.6145386440641767,-0.19805715408252564,-0.2171743966471877,-0.141062541897895,1.6216389626479741,1.6216389626479741,1.6216389626479741,4.0,1.0
XenCoin,XNC,2013-08-11,1.6912832700602185,-0.1980610830234413,-0.2171848294969479,-0.12343555274061982,0.08234587963920115,0.08234587963920115,0.08234587963920115,4.0,0.0
GlobalCoin,GLC,2013-08-11,1.7680278960562603,-0.1980611463798119,-0.21716794608088746,-0.142557694347226,-0.014926521393504031,-0.014926521393504031,-0.014926521393504031,4.0,0.0
StableCoin,SBC,2013-08-11,1.8447725220523021,-0.1980663058056285,-0.21713743013338602,-0.1438867597930016,-0.014926521393504031,-0.014926521393504031,-0.014926521393504031,4.0,1.0
Nibble,NBL,2013-08-11,1.921517148048344,-0.19806708972384146,-0.21697561378732438,-0.14431964328650393,-0.014926521393504031,-0.014926521393504031,-0.014926521393504031,4.0,1.0
Doubloons,DBL,2013-08-11,1.9982617740443858,-0.19807247065207811,-0.21693113750917625,-0.14437254226810822,0.6693933525383342,0.6693933525383342,0.6693933525383342,4.0,1.0
Hypercoin,HYC,2013-08-11,2.0750064000404276,-0.1980735674786344,-0.21694117730108328,-0.1443762746343115,-0.6890071952166364,-0.6890071952166364,-0.6890071952166364,4.0,1.0
Elacoin,ELC,2013-08-11,2.1517510260364694,-0.19807627426046864,-0.21296476711942383,-0.14444075698940467,-0.014926521393504031,-0.014926521393504031,-0.014926521393504031,4.0,0.0
EZCoin,EZC,2013-08-11,2.228495652032511,-0.19807777085993536,-0.2171743966471877,-0.14359207986718475,0.25641228148719986,0.25641228148719986,0.25641228148719986,4.0,0.0
Junkcoin,JKC,2013-08-11,2.305240278028553,-0.19807826969674217,-0.21717553114367322,-0.1435716955373127,-0.13609038934652273,-0.13609038934652273,-0.13609038934652273,4.0,0.0
Bitcoin,BTC,2013-08-18,-1.3785017697814543,5.650220364879255,5.480395407625493,-0.1429195554160061,-0.07294865534283694,-0.07294865534283694,-0.07294865534283694,4.0,1.0
Litecoin,LTC,2013-08-18,-1.3017571437854125,0.056578229849529024,-0.07673985062883229,-0.14175124775012973,-0.09684012226315049,-0.09684012226315049,-0.09684012226315049,4.0,0.0
XRP,XRP,2013-08-18,-1.2250125177893707,-0.0025548612232882875,-0.2169045320606226,0.8851691067738751,-0.386950792009815,-0.386950792009815,-0.386950792009815,4.0,1.0
Namecoin,NMC,2013-08-18,-1.1482678917933289,-0.17884836631140807,-0.1830010081728807,-0.14360817065892723,-0.1019597223175034,-0.1019597223175034,-0.1019597223175034,4.0,0.0
Peercoin,PPC,2013-08-18,-1.071523265797287,-0.18311098982597965,-0.20875307441442303,-0.14180696088843944,0.04309561255582888,0.04309561255582888,0.04309561255582888,4.0,1.0
Feathercoin,FTC,2013-08-18,-0.9947786398012453,-0.1889962329916215,-0.20978215308489404,-0.14262171351488315,-0.1173185224805621,-0.1173185224805621,-0.1173185224805621,4.0,0.0
Novacoin,NVC,2013-08-18,-0.9180340138052034,-0.18966882644799082,0.047181300879689005,-0.14439645469812915,-0.08318785545154275,-0.08318785545154275,-0.08318785545154275,4.0,0.0
Primecoin,XPM,2013-08-18,-0.8412893878091616,-0.19201701817032946,-0.17559666164144308,-0.14422710062299987,0.6318496188064129,0.6318496188064129,0.6318496188064129,4.0,0.0
Terracoin,TRC,2013-08-18,-0.7645447618131198,-0.19492116689763878,-0.20738766271506642,-0.14396437891817393,-0.07294865534283694,-0.07294865534283694,-0.07294865534283694,4.0,1.0
Infinitecoin,IFC,2013-08-18,-0.687800135817078,-0.19636669801302115,-0.2171862345658253,9.487944445193797,-0.25725425729954143,-0.25725425729954143,-0.25725425729954143,4.0,0.0
GoldCoin,GLC,2013-08-18,-0.6110555098210361,-0.19662850683884445,-0.2165519847678071,-0.14103539255550485,2.6728635071417703,2.6728635071417703,2.6728635071417703,4.0,0.0
Devcoin,DVC,2013-08-18,-0.5343108838249943,-0.1967954909016232,-0.21718365082537805,0.5275428612881512,-0.07977478874864082,-0.07977478874864082,-0.07977478874864082,4.0,0.0
Digitalcoin,DGC,2013-08-18,-0.4575662578289525,-0.19696397303313098,-0.21543003802219607,-0.14349616925022562,2.519275505511183,2.519275505511183,2.519275505511183,4.0,1.0
Freicoin,FRC,2013-08-18,-0.3808216318329107,-0.1972036395865863,-0.21678023943681354,-0.14122320959527898,-0.07294865534283694,-0.07294865534283694,-0.07294865534283694,4.0,0.0
WorldCoin,WDC,2013-08-18,-0.3040770058368688,-0.19749478254556338,-0.21678199640039725,-0.14227829025612743,-0.07294865534283694,-0.07294865534283694,-0.07294865534283694,4.0,0.0
Yacoin,YAC,2013-08-18,-0.227332379840827,-0.1975593404610426,-0.2161438672267862,-0.14369552277843683,-0.07294865534283694,-0.07294865534283694,-0.07294865534283694,4.0,0.0
Bullion,CBX,2013-08-18,-0.15058775384478518,-0.19766710523963427,-0.20978215308489404,-0.1443600048628347,-0.8255298633327138,-0.8255298633327138,-0.8255298633327138,4.0,1.0
Ixcoin,IXC,2013-08-18,-0.07384312784874336,-0.1976685270402938,-0.21686999517646238,-0.14249115892732186,-0.07294865534283694,-0.07294865534283694,-0.07294865534283694,4.0,0.0
Megacoin,MEC,2013-08-18,0.0029014981472984635,-0.19766996633853143,-0.21689017515819553,-0.14236547221977486,0.022617212338417268,0.022617212338417268,0.022617212338417268,4.0,0.0
Mincoin,MNC,2013-08-18,0.07964612414334028,-0.1976701682062646,-0.21348282038182678,-0.14427751851614604,-0.07294865534283694,-0.07294865534283694,-0.07294865534283694,4.0,1.0
Phoenixcoin,PXC,2013-08-18,0.1563907501393821,-0.19780410749173077,-0.2162753885007683,-0.14398634509174632,0.2188685477552786,0.2188685477552786,0.2188685477552786,4.0,0.0
BBQCoin,BQC,2013-08-18,0.23313537613542393,-0.19780479987045113,-0.21704689630986437,-0.14146617504554773,3.0227028441892188,3.0227028441892188,3.0227028441892188,4.0,0.0
Fastcoin,FST,2013-08-18,0.30988000213146577,-0.197900522842505,-0.21707576071159707,-0.14197443903469792,1.7086721635719735,1.7086721635719735,1.7086721635719735,4.0,1.0
Franko,FRK,2013-08-18,0.3866246281275076,-0.19791986300908268,-0.17730342626563886,-0.14443758711212357,10.55363452414234,10.55363452414234,10.55363452414234,4.0,1.0
CHNCoin,CNC,2013-08-18,0.4633692541235494,-0.1979253268838537,-0.21684464470189715,-0.14375141542327918,-0.07294865534283694,-0.07294865534283694,-0.07294865534283694,4.0,1.0
Luckycoin,LKY,2013-08-18,0.5401138801195913,-0.1979568047597255,-0.21694715097726794,-0.1436502261553041,-0.069535588639935,-0.069535588639935,-0.069535588639935,4.0,0.0
Anoncoin,ANC,2013-08-18,0.6168585061156331,-0.19796768642785953,-0.21399585374827623,-0.14438926218876225,-0.07294865534283694,-0.07294865534283694,-0.07294865534283694,4.0,1.0
XenCoin,XNC,2013-08-18,0.6936031321116749,-0.1980086567621147,-0.21718128896433192,-0.12277805573874448,0.7837310870855491,0.7837310870855491,0.7837310870855491,4.0,0.0
Bytecoin,BTE,2013-08-18,0.7703477581077167,-0.1980118364683119,-0.216303499918108,-0.14432119128341125,-0.07294865534283694,-0.07294865534283694,-0.07294865534283694,4.0,1.0
Argentum,ARG,2013-08-18,0.8470923841037585,-0.19802348201926415,-0.21542050021988435,-0.14439224004805024,1.5994540290791117,1.5994540290791117,1.5994540290791117,4.0,1.0
BitBar,BTB,2013-08-18,0.9238370100998003,-0.19802977967811955,-0.09634254432731627,-0.14444304961575846,-0.07294865534283694,-0.07294865534283694,-0.07294865534283694,4.0,0.0
GlobalCoin,GLC,2013-08-18,1.0005816360958422,-0.19804202081457384,-0.2171529416118824,-0.14255474427655015,-0.07977478874864082,-0.07977478874864082,-0.07977478874864082,4.0,0.0
AlphaCoin,ALF,2013-08-18,1.077326262091884,-0.1980425424026845,-0.21714388069968632,-0.14297445109499948,-0.07294865534283694,-0.07294865534283694,-0.07294865534283694,4.0,1.0
Krugercoin,KGC,2013-08-18,1.1540708880879258,-0.19804436753810245,-0.21714120509514306,-0.14312114652014507,-0.05076372177397435,-0.05076372177397435,-0.05076372177397435,4.0,1.0
Memecoin,MEM,2013-08-18,1.2308155140839676,-0.1980463096357028,-0.21717081746137284,-0.14080726859472717,-0.09172052220879758,-0.09172052220879758,-0.09172052220879758,4.0,1.0
CasinoCoin,CSC,2013-08-18,1.3075601400800094,-0.19805509328634205,-0.21703660552315965,-0.1441503308284431,-0.3596462583865996,-0.3596462583865996,-0.3596462583865996,4.0,0.0
NanoToken,NAN,2013-08-18,1.3843047660760512,-0.19805907685710078,-0.21679615250698617,-0.1443462060389481,-2.241952545037017,-2.241952545037017,-2.241952545037017,4.0,0.0
Nibble,NBL,2013-08-18,1.461049392072093,-0.19805916706090038,-0.21688445247680854,-0.14431813532627008,-0.07294865534283694,-0.07294865534283694,-0.07294865534283694,4.0,1.0
EZCoin,EZC,2013-08-18,1.5377940180681349,-0.19805976505064982,-0.21714568786222957,-0.14353600876940645,-0.09172052220879758,-0.09172052220879758,-0.09172052220879758,4.0,0.0
CraftCoin,CRC,2013-08-18,1.6145386440641767,-0.19806196418010355,-0.21462233676327516,-0.14443055040336422,-0.07294865534283694,-0.07294865534283694,-0.07294865534283694,4.0,1.0
Spots,SPT,2013-08-18,1.6912832700602185,-0.19806397747013998,-0.21683038819738915,-0.14435726353599912,-0.07294865534283694,-0.07294865534283694,-0.07294865534283694,4.0,1.0
StableCoin,SBC,2013-08-18,1.7680278960562603,-0.19806433953198516,-0.21713519627968672,-0.1438537855097221,-0.07294865534283694,-0.07294865534283694,-0.07294865534283694,4.0,1.0
Emerald,EMD,2013-08-18,1.8447725220523021,-0.19806604018081686,-0.2170575384892858,-0.14422869010527603,-0.07294865534283694,-0.07294865534283694,-0.07294865534283694,4.0,0.0
Hypercoin,HYC,2013-08-18,1.921517148048344,-0.1980676307685466,-0.2168104592104537,-0.1443762746343115,-0.07294865534283694,-0.07294865534283694,-0.07294865534283694,4.0,1.0
Doubloons,DBL,2013-08-18,1.9982617740443858,-0.19807040402336848,-0.2169070922075589,-0.14436768663615523,-0.09172052220879758,-0.09172052220879758,-0.09172052220879758,4.0,1.0
Elacoin,ELC,2013-08-18,2.0750064000404276,-0.1980783581641409,-0.21401292139451816,-0.14444075145802215,-0.07294865534283694,-0.07294865534283694,-0.07294865534283694,4.0,0.0
Bitcoin,BTC,2013-08-25,-1.3785017697814543,6.111725222495108,5.912608449223309,-0.14291524225463853,-0.06782905528848404,-0.06782905528848404,-0.06782905528848404,4.0,1.0
Litecoin,LTC,2013-08-25,-1.3017571437854125,0.04046012411555246,-0.08699047816591407,-0.14172315622891749,-0.11049238907475824,-0.11049238907475824,-0.11049238907475824,4.0,0.0
XRP,XRP,2013-08-25,-1.2250125177893707,0.014377403347099095,-0.21688008516732898,0.8851691067738751,-0.06782905528848404,-0.06782905528848404,-0.06782905528848404,4.0,1.0
Namecoin,NMC,2013-08-25,-1.1482678917933289,-0.18054510846376212,-0.18635429866983008,-0.1435990372927947,-0.15315572286103243,-0.15315572286103243,-0.15315572286103243,4.0,0.0
Peercoin,PPC,2013-08-25,-1.071523265797287,-0.18236082640020893,-0.20836152253004875,-0.14179862799237689,0.5089792175019431,0.5089792175019431,0.5089792175019431,4.0,1.0
Feathercoin,FTC,2013-08-25,-0.9947786398012453,-0.18969152036156164,-0.2106254956050849,-0.14254357615184882,0.02432374568986823,0.02432374568986823,0.02432374568986823,4.0,0.0
Novacoin,NVC,2013-08-25,-0.9180340138052034,-0.19046324636894482,0.015626234915881002,-0.1443951143914654,0.15060721369723984,0.15060721369723984,0.15060721369723984,4.0,0.0
Primecoin,XPM,2013-08-25,-0.8412893878091616,-0.19230459834636124,-0.18014970727128304,-0.14421198519837458,-0.09513358891169951,-0.09513358891169951,-0.09513358891169951,4.0,0.0
Terracoin,TRC,2013-08-25,-0.7645447618131198,-0.19528768741955152,-0.20854223878437533,-0.14396319362192023,-0.06782905528848404,-0.06782905528848404,-0.06782905528848404,4.0,1.0
Infinitecoin,IFC,2013-08-25,-0.687800135817078,-0.1961470706388057,-0.21718620796037674,9.72602371236691,0.7461873533536276,0.7461873533536276,0.7461873533536276,4.0,0.0
Devcoin,DVC,2013-08-25,-0.6110555098210361,-0.19671203408800556,-0.21718349621258268,0.5341607969791046,-0.06782905528848404,-0.06782905528848404,-0.06782905528848404,4.0,0.0
Digitalcoin,DGC,2013-08-25,-0.5343108838249943,-0.1969763692435408,-0.2155314399204571,-0.14344937638812197,-0.19923212335020857,-0.19923212335020857,-0.19923212335020857,4.0,1.0
Freicoin,FRC,2013-08-25,-0.4575662578289525,-0.1971437202657057,-0.21676126423010922,-0.14115798563982973,0.031149879095672104,0.031149879095672104,0.031149879095672104,4.0,0.0
GoldCoin,GLC,2013-08-25,-0.3808216318329107,-0.19732546427024697,-0.21685849961472883,-0.1410066196206463,-1.183901867137417,-1.183901867137417,-1.183901867137417,4.0,0.0
WorldCoin,WDC,2013-08-25,-0.3040770058368688,-0.19757404025209763,-0.21685568847299488,-0.14215162396707653,0.568707884802727,0.568707884802727,0.568707884802727,4.0,0.0
Bullion,CBX,2013-08-25,-0.227332379840827,-0.19762124533406858,-0.2095261383912647,-0.14435390954269994,-0.07636172204573888,-0.07636172204573888,-0.07636172204573888,4.0,1.0
Megacoin,MEC,2013-08-25,-0.15058775384478518,-0.19765583069967022,-0.21688008516732898,-0.14236547221977486,0.16596601386029858,0.16596601386029858,0.16596601386029858,4.0,0.0
Yacoin,YAC,2013-08-25,-0.07384312784874336,-0.1976620065878485,-0.2163898421285085,-0.14365606452955096,-0.07294865534283694,-0.07294865534283694,-0.07294865534283694,4.0,0.0
Ixcoin,IXC,2013-08-25,0.0029014981472984635,-0.1976677505574385,-0.21687381029738706,-0.14246363476791638,-0.07294865534283694,-0.07294865534283694,-0.07294865534283694,4.0,0.0
Anoncoin,ANC,2013-08-25,0.07964612414334028,-0.19775865470538695,-0.20857235816009645,-0.14438750834540554,-0.07294865534283694,-0.07294865534283694,-0.07294865534283694,4.0,1.0
Phoenixcoin,PXC,2013-08-25,0.1563907501393821,-0.1977858353007409,-0.2162161537285168,-0.14398633850676712,-0.07294865534283694,-0.07294865534283694,-0.07294865534283694,4.0,0.0
Quark,QRK,2013-08-25,0.23313537613542393,-0.19779447794672406,-0.2171672533352459,-0.12205326130317348,0.5943058850744916,0.5943058850744916,0.5943058850744916,4.0,0.0
Fastcoin,FST,2013-08-25,0.30988000213146577,-0.19783453466697737,-0.21704795048801456,-0.1417621867175554,-0.13950345604942468,-0.13950345604942468,-0.13950345604942468,4.0,1.0
Mincoin,MNC,2013-08-25,0.3866246281275076,-0.19783481614201243,-0.21497975335516556,-0.144275573049895,-0.06782905528848404,-0.06782905528848404,-0.06782905528848404,4.0,1.0
BBQCoin,BQC,2013-08-25,0.4633692541235494,-0.19786221645886243,-0.2170773670783022,-0.14141579521358125,-0.07294865534283694,-0.07294865534283694,-0.07294865534283694,4.0,0.0
CHNCoin,CNC,2013-08-25,0.5401138801195913,-0.1979060807500622,-0.21680338115715922,-0.1437513806545891,-0.5149407933686376,-0.5149407933686376,-0.5149407933686376,4.0,1.0
Franko,FRK,2013-08-25,0.6168585061156331,-0.19794820917465855,-0.18650489554843558,-0.1444371178665067,-0.07294865534283694,-0.07294865534283694,-0.07294865534283694,4.0,1.0
Luckycoin,LKY,2013-08-25,0.6936031321116749,-0.19796034652776787,-0.2169627126547239,-0.14361857505774245,-0.07294865534283694,-0.07294865534283694,-0.07294865534283694,4.0,0.0
EZCoin,EZC,2013-08-25,0.7703477581077167,-0.1979703075472504,-0.21701135544651345,-0.1434737214512755,0.04992174596163276,0.04992174596163276,0.04992174596163276,4.0,0.0
Memecoin,MEM,2013-08-25,0.8470923841037585,-0.19797063229873818,-0.2171430122576863,-0.14054847891267344,0.04821521261018179,0.04821521261018179,0.04821521261018179,4.0,1.0
XenCoin,XNC,2013-08-25,0.9238370100998003,-0.1979727103253613,-0.21717909526980023,-0.12198419804145899,-0.7299639956514595,-0.7299639956514595,-0.7299639956514595,4.0,0.0
Doubloons,DBL,2013-08-25,1.0005816360958422,-0.19799661709268568,-0.215574109036062,-0.14436260711490986,1.4305072272854658,1.4305072272854658,1.4305072272854658,4.0,1.0
GameCoin,GME,2013-08-25,1.077326262091884,-0.19800129691567442,-0.21716992391989315,-0.13697203211000689,0.8639381546037445,0.8639381546037445,0.8639381546037445,4.0,1.0
Bytecoin,BTE,2013-08-25,1.1540708880879258,-0.19801503153497846,-0.21634466306492683,-0.14432082252457676,-0.07294865534283694,-0.07294865534283694,-0.07294865534283694,4.0,1.0
BitBar,BTB,2013-08-25,1.2308155140839676,-0.1980271419961357,-0.09459060063953884,-0.14444302722682922,-0.07294865534283694,-0.07294865534283694,-0.07294865534283694,4.0,0.0
Argentum,ARG,2013-08-25,1.3075601400800094,-0.1980292380991372,-0.2155866587759458,-0.14439224004805024,-0.07294865534283694,-0.07294865534283694,-0.07294865534283694,4.0,1.0
AlphaCoin,ALF,2013-08-25,1.3843047660760512,-0.1980415400986685,-0.2171462249910966,-0.14285195072718154,-0.07294865534283694,-0.07294865534283694,-0.07294865534283694,4.0,1.0
CasinoCoin,CSC,2013-08-25,1.461049392072093,-0.19805273792533212,-0.21703474816165685,-0.14413090513984111,-0.07294865534283694,-0.07294865534283694,-0.07294865534283694,4.0,0.0
GlobalCoin,GLC,2013-08-25,1.5377940180681349,-0.1980530352060675,-0.21716284084670273,-0.14245579837928454,-2.197582677899292,-2.197582677899292,-2.197582677899292,4.0,0.0
NanoToken,NAN,2013-08-25,1.6145386440641767,-0.19805878652196893,-0.2167917349985471,-0.1443462060389481,-0.07294865534283694,-0.07294865534283694,-0.07294865534283694,4.0,0.0
StableCoin,SBC,2013-08-25,1.6912832700602185,-0.1980590492527791,-0.21712525688569875,-0.14382144667693417,4.937433264517204,4.937433264517204,4.937433264517204,4.0,1.0
Nibble,NBL,2013-08-25,1.7680278960562603,-0.19806121374326144,-0.21691432085773193,-0.1443155210895328,-0.07294865534283694,-0.07294865534283694,-0.07294865534283694,4.0,1.0
Spots,SPT,2013-08-25,1.8447725220523021,-0.1980617097305899,-0.2168799847694099,-0.14433228289065445,-0.07294865534283694,-0.07294865534283694,-0.07294865534283694,4.0,1.0
CraftCoin,CRC,2013-08-25,1.921517148048344,-0.1980627670206338,-0.21485726789389975,-0.14442973518294086,-0.29991759108581567,-0.29991759108581567,-0.29991759108581567,4.0,1.0
Emerald,EMD,2013-08-25,1.9982617740443858,-0.19806854638608792,-0.21708389294304178,-0.14420979516599652,-0.07294865534283694,-0.07294865534283694,-0.07294865534283694,4.0,0.0
Hypercoin,HYC,2013-08-25,2.0750064000404276,-0.1980688965602655,-0.21683831963299574,-0.1443762746343115,-0.07294865534283694,-0.07294865534283694,-0.07294865534283694,4.0,1.0
Elacoin,ELC,2013-08-25,2.1517510260364694,-0.1980767796866942,-0.21323282956334164,-0.14444074539984128,-0.07294865534283694,-0.07294865534283694,-0.07294865534283694,4.0,0.0
